,Name,SecId,Ticker,"Return (Day to Day) 
2020-09-01 
to 2020-09-01 
USD","Return (Day to Day) 
2020-09-02 
to 2020-09-02 
USD","Return (Day to Day) 
2020-09-03 
to 2020-09-03 
USD","Return (Day to Day) 
2020-09-04 
to 2020-09-04 
USD","Return (Day to Day) 
2020-09-08 
to 2020-09-08 
USD","Return (Day to Day) 
2020-09-09 
to 2020-09-09 
USD","Return (Day to Day) 
2020-09-10 
to 2020-09-10 
USD","Return (Day to Day) 
2020-09-11 
to 2020-09-11 
USD","Return (Day to Day) 
2020-09-14 
to 2020-09-14 
USD","Return (Day to Day) 
2020-09-15 
to 2020-09-15 
USD","Return (Day to Day) 
2020-09-16 
to 2020-09-16 
USD","Return (Day to Day) 
2020-09-17 
to 2020-09-17 
USD","Return (Day to Day) 
2020-09-18 
to 2020-09-18 
USD","Return (Day to Day) 
2020-09-21 
to 2020-09-21 
USD","Return (Day to Day) 
2020-09-22 
to 2020-09-22 
USD","Return (Day to Day) 
2020-09-23 
to 2020-09-23 
USD","Return (Day to Day) 
2020-09-24 
to 2020-09-24 
USD","Return (Day to Day) 
2020-09-25 
to 2020-09-25 
USD","Return (Day to Day) 
2020-09-28 
to 2020-09-28 
USD","Return (Day to Day) 
2020-09-29 
to 2020-09-29 
USD","Return (Day to Day) 
2020-09-30 
to 2020-09-30 
USD","Return (Day to Day) 
2020-10-01 
to 2020-10-01 
USD","Return (Day to Day) 
2020-10-02 
to 2020-10-02 
USD","Return (Day to Day) 
2020-10-05 
to 2020-10-05 
USD","Return (Day to Day) 
2020-10-06 
to 2020-10-06 
USD","Return (Day to Day) 
2020-10-07 
to 2020-10-07 
USD","Return (Day to Day) 
2020-10-08 
to 2020-10-08 
USD","Return (Day to Day) 
2020-10-09 
to 2020-10-09 
USD","Return (Day to Day) 
2020-10-12 
to 2020-10-12 
USD","Return (Day to Day) 
2020-10-13 
to 2020-10-13 
USD","Return (Day to Day) 
2020-10-14 
to 2020-10-14 
USD","Return (Day to Day) 
2020-10-15 
to 2020-10-15 
USD","Return (Day to Day) 
2020-10-16 
to 2020-10-16 
USD","Return (Day to Day) 
2020-10-19 
to 2020-10-19 
USD","Return (Day to Day) 
2020-10-20 
to 2020-10-20 
USD","Return (Day to Day) 
2020-10-21 
to 2020-10-21 
USD","Return (Day to Day) 
2020-10-22 
to 2020-10-22 
USD","Return (Day to Day) 
2020-10-23 
to 2020-10-23 
USD","Return (Day to Day) 
2020-10-26 
to 2020-10-26 
USD","Return (Day to Day) 
2020-10-27 
to 2020-10-27 
USD","Return (Day to Day) 
2020-10-28 
to 2020-10-28 
USD","Return (Day to Day) 
2020-10-29 
to 2020-10-29 
USD","Return (Day to Day) 
2020-10-30 
to 2020-10-30 
USD","Return (Day to Day) 
2020-11-02 
to 2020-11-02 
USD","Return (Day to Day) 
2020-11-03 
to 2020-11-03 
USD","Return (Day to Day) 
2020-11-04 
to 2020-11-04 
USD","Return (Day to Day) 
2020-11-05 
to 2020-11-05 
USD","Return (Day to Day) 
2020-11-06 
to 2020-11-06 
USD","Return (Day to Day) 
2020-11-09 
to 2020-11-09 
USD","Return (Day to Day) 
2020-11-10 
to 2020-11-10 
USD","Return (Day to Day) 
2020-11-11 
to 2020-11-11 
USD","Return (Day to Day) 
2020-11-12 
to 2020-11-12 
USD","Return (Day to Day) 
2020-11-13 
to 2020-11-13 
USD","Return (Day to Day) 
2020-11-16 
to 2020-11-16 
USD","Return (Day to Day) 
2020-11-17 
to 2020-11-17 
USD","Return (Day to Day) 
2020-11-18 
to 2020-11-18 
USD","Return (Day to Day) 
2020-11-19 
to 2020-11-19 
USD","Return (Day to Day) 
2020-11-20 
to 2020-11-20 
USD","Return (Day to Day) 
2020-11-23 
to 2020-11-23 
USD","Return (Day to Day) 
2020-11-24 
to 2020-11-24 
USD","Return (Day to Day) 
2020-11-25 
to 2020-11-25 
USD","Return (Day to Day) 
2020-11-27 
to 2020-11-27 
USD","Return (Day to Day) 
2020-11-30 
to 2020-11-30 
USD","Return (Day to Day) 
2020-12-01 
to 2020-12-01 
USD","Return (Day to Day) 
2020-12-02 
to 2020-12-02 
USD","Return (Day to Day) 
2020-12-03 
to 2020-12-03 
USD","Return (Day to Day) 
2020-12-04 
to 2020-12-04 
USD","Return (Day to Day) 
2020-12-07 
to 2020-12-07 
USD","Return (Day to Day) 
2020-12-08 
to 2020-12-08 
USD","Return (Day to Day) 
2020-12-09 
to 2020-12-09 
USD","Return (Day to Day) 
2020-12-10 
to 2020-12-10 
USD","Return (Day to Day) 
2020-12-11 
to 2020-12-11 
USD","Return (Day to Day) 
2020-12-14 
to 2020-12-14 
USD","Return (Day to Day) 
2020-12-15 
to 2020-12-15 
USD","Return (Day to Day) 
2020-12-16 
to 2020-12-16 
USD","Return (Day to Day) 
2020-12-17 
to 2020-12-17 
USD","Return (Day to Day) 
2020-12-18 
to 2020-12-18 
USD","Return (Day to Day) 
2020-12-21 
to 2020-12-21 
USD","Return (Day to Day) 
2020-12-22 
to 2020-12-22 
USD","Return (Day to Day) 
2020-12-23 
to 2020-12-23 
USD","Return (Day to Day) 
2020-12-24 
to 2020-12-24 
USD","Return (Day to Day) 
2020-12-28 
to 2020-12-28 
USD","Return (Day to Day) 
2020-12-29 
to 2020-12-29 
USD","Return (Day to Day) 
2020-12-30 
to 2020-12-30 
USD","Return (Day to Day) 
2020-12-31 
to 2020-12-31 
USD","Return (Day to Day) 
2021-01-04 
to 2021-01-04 
USD","Return (Day to Day) 
2021-01-05 
to 2021-01-05 
USD","Return (Day to Day) 
2021-01-06 
to 2021-01-06 
USD","Return (Day to Day) 
2021-01-07 
to 2021-01-07 
USD","Return (Day to Day) 
2021-01-08 
to 2021-01-08 
USD","Return (Day to Day) 
2021-01-11 
to 2021-01-11 
USD","Return (Day to Day) 
2021-01-12 
to 2021-01-12 
USD","Return (Day to Day) 
2021-01-13 
to 2021-01-13 
USD","Return (Day to Day) 
2021-01-14 
to 2021-01-14 
USD","Return (Day to Day) 
2021-01-15 
to 2021-01-15 
USD","Return (Day to Day) 
2021-01-19 
to 2021-01-19 
USD","Return (Day to Day) 
2021-01-20 
to 2021-01-20 
USD","Return (Day to Day) 
2021-01-21 
to 2021-01-21 
USD","Return (Day to Day) 
2021-01-22 
to 2021-01-22 
USD","Return (Day to Day) 
2021-01-25 
to 2021-01-25 
USD","Return (Day to Day) 
2021-01-26 
to 2021-01-26 
USD","Return (Day to Day) 
2021-01-27 
to 2021-01-27 
USD","Return (Day to Day) 
2021-01-28 
to 2021-01-28 
USD","Return (Day to Day) 
2021-01-29 
to 2021-01-29 
USD","Return (Day to Day) 
2021-02-01 
to 2021-02-01 
USD","Return (Day to Day) 
2021-02-02 
to 2021-02-02 
USD","Return (Day to Day) 
2021-02-03 
to 2021-02-03 
USD","Return (Day to Day) 
2021-02-04 
to 2021-02-04 
USD","Return (Day to Day) 
2021-02-05 
to 2021-02-05 
USD","Return (Day to Day) 
2021-02-08 
to 2021-02-08 
USD","Return (Day to Day) 
2021-02-09 
to 2021-02-09 
USD","Return (Day to Day) 
2021-02-10 
to 2021-02-10 
USD","Return (Day to Day) 
2021-02-11 
to 2021-02-11 
USD","Return (Day to Day) 
2021-02-12 
to 2021-02-12 
USD","Return (Day to Day) 
2021-02-16 
to 2021-02-16 
USD","Return (Day to Day) 
2021-02-17 
to 2021-02-17 
USD","Return (Day to Day) 
2021-02-18 
to 2021-02-18 
USD","Return (Day to Day) 
2021-02-19 
to 2021-02-19 
USD","Return (Day to Day) 
2021-02-22 
to 2021-02-22 
USD","Return (Day to Day) 
2021-02-23 
to 2021-02-23 
USD","Return (Day to Day) 
2021-02-24 
to 2021-02-24 
USD","Return (Day to Day) 
2021-02-25 
to 2021-02-25 
USD","Return (Day to Day) 
2021-02-26 
to 2021-02-26 
USD","Return (Day to Day) 
2021-03-01 
to 2021-03-01 
USD","Return (Day to Day) 
2021-03-02 
to 2021-03-02 
USD","Return (Day to Day) 
2021-03-03 
to 2021-03-03 
USD","Return (Day to Day) 
2021-03-04 
to 2021-03-04 
USD","Return (Day to Day) 
2021-03-05 
to 2021-03-05 
USD","Return (Day to Day) 
2021-03-08 
to 2021-03-08 
USD","Return (Day to Day) 
2021-03-09 
to 2021-03-09 
USD","Return (Day to Day) 
2021-03-10 
to 2021-03-10 
USD","Return (Day to Day) 
2021-03-11 
to 2021-03-11 
USD","Return (Day to Day) 
2021-03-12 
to 2021-03-12 
USD","Return (Day to Day) 
2021-03-15 
to 2021-03-15 
USD","Return (Day to Day) 
2021-03-16 
to 2021-03-16 
USD","Return (Day to Day) 
2021-03-17 
to 2021-03-17 
USD","Return (Day to Day) 
2021-03-18 
to 2021-03-18 
USD","Return (Day to Day) 
2021-03-19 
to 2021-03-19 
USD","Return (Day to Day) 
2021-03-22 
to 2021-03-22 
USD","Return (Day to Day) 
2021-03-23 
to 2021-03-23 
USD","Return (Day to Day) 
2021-03-24 
to 2021-03-24 
USD","Return (Day to Day) 
2021-03-25 
to 2021-03-25 
USD","Return (Day to Day) 
2021-03-26 
to 2021-03-26 
USD","Return (Day to Day) 
2021-03-29 
to 2021-03-29 
USD","Return (Day to Day) 
2021-03-30 
to 2021-03-30 
USD","Return (Day to Day) 
2021-03-31 
to 2021-03-31 
USD","Return (Day to Day) 
2021-04-01 
to 2021-04-01 
USD","Return (Day to Day) 
2021-04-05 
to 2021-04-05 
USD","Return (Day to Day) 
2021-04-06 
to 2021-04-06 
USD","Return (Day to Day) 
2021-04-07 
to 2021-04-07 
USD","Return (Day to Day) 
2021-04-08 
to 2021-04-08 
USD","Return (Day to Day) 
2021-04-09 
to 2021-04-09 
USD","Return (Day to Day) 
2021-04-12 
to 2021-04-12 
USD","Return (Day to Day) 
2021-04-13 
to 2021-04-13 
USD","Return (Day to Day) 
2021-04-14 
to 2021-04-14 
USD","Return (Day to Day) 
2021-04-15 
to 2021-04-15 
USD","Return (Day to Day) 
2021-04-16 
to 2021-04-16 
USD","Return (Day to Day) 
2021-04-19 
to 2021-04-19 
USD","Return (Day to Day) 
2021-04-20 
to 2021-04-20 
USD","Return (Day to Day) 
2021-04-21 
to 2021-04-21 
USD","Return (Day to Day) 
2021-04-22 
to 2021-04-22 
USD","Return (Day to Day) 
2021-04-23 
to 2021-04-23 
USD","Return (Day to Day) 
2021-04-26 
to 2021-04-26 
USD","Return (Day to Day) 
2021-04-27 
to 2021-04-27 
USD","Return (Day to Day) 
2021-04-28 
to 2021-04-28 
USD","Return (Day to Day) 
2021-04-29 
to 2021-04-29 
USD","Return (Day to Day) 
2021-04-30 
to 2021-04-30 
USD","Return (Day to Day) 
2021-05-03 
to 2021-05-03 
USD","Return (Day to Day) 
2021-05-04 
to 2021-05-04 
USD","Return (Day to Day) 
2021-05-05 
to 2021-05-05 
USD","Return (Day to Day) 
2021-05-06 
to 2021-05-06 
USD","Return (Day to Day) 
2021-05-07 
to 2021-05-07 
USD","Return (Day to Day) 
2021-05-10 
to 2021-05-10 
USD","Return (Day to Day) 
2021-05-11 
to 2021-05-11 
USD","Return (Day to Day) 
2021-05-12 
to 2021-05-12 
USD","Return (Day to Day) 
2021-05-13 
to 2021-05-13 
USD","Return (Day to Day) 
2021-05-14 
to 2021-05-14 
USD","Return (Day to Day) 
2021-05-17 
to 2021-05-17 
USD","Return (Day to Day) 
2021-05-18 
to 2021-05-18 
USD","Return (Day to Day) 
2021-05-19 
to 2021-05-19 
USD","Return (Day to Day) 
2021-05-20 
to 2021-05-20 
USD","Return (Day to Day) 
2021-05-21 
to 2021-05-21 
USD","Return (Day to Day) 
2021-05-24 
to 2021-05-24 
USD","Return (Day to Day) 
2021-05-25 
to 2021-05-25 
USD","Return (Day to Day) 
2021-05-26 
to 2021-05-26 
USD","Return (Day to Day) 
2021-05-27 
to 2021-05-27 
USD","Return (Day to Day) 
2021-05-28 
to 2021-05-28 
USD","Return (Day to Day) 
2021-06-01 
to 2021-06-01 
USD","Return (Day to Day) 
2021-06-02 
to 2021-06-02 
USD","Return (Day to Day) 
2021-06-03 
to 2021-06-03 
USD","Return (Day to Day) 
2021-06-04 
to 2021-06-04 
USD","Return (Day to Day) 
2021-06-07 
to 2021-06-07 
USD","Return (Day to Day) 
2021-06-08 
to 2021-06-08 
USD","Return (Day to Day) 
2021-06-09 
to 2021-06-09 
USD","Return (Day to Day) 
2021-06-10 
to 2021-06-10 
USD","Return (Day to Day) 
2021-06-11 
to 2021-06-11 
USD","Return (Day to Day) 
2021-06-14 
to 2021-06-14 
USD","Return (Day to Day) 
2021-06-15 
to 2021-06-15 
USD","Return (Day to Day) 
2021-06-16 
to 2021-06-16 
USD","Return (Day to Day) 
2021-06-17 
to 2021-06-17 
USD","Return (Day to Day) 
2021-06-18 
to 2021-06-18 
USD","Return (Day to Day) 
2021-06-21 
to 2021-06-21 
USD","Return (Day to Day) 
2021-06-22 
to 2021-06-22 
USD","Return (Day to Day) 
2021-06-23 
to 2021-06-23 
USD","Return (Day to Day) 
2021-06-24 
to 2021-06-24 
USD","Return (Day to Day) 
2021-06-25 
to 2021-06-25 
USD","Return (Day to Day) 
2021-06-28 
to 2021-06-28 
USD","Return (Day to Day) 
2021-06-29 
to 2021-06-29 
USD","Return (Day to Day) 
2021-06-30 
to 2021-06-30 
USD","Return (Day to Day) 
2021-07-01 
to 2021-07-01 
USD","Return (Day to Day) 
2021-07-02 
to 2021-07-02 
USD","Return (Day to Day) 
2021-07-06 
to 2021-07-06 
USD","Return (Day to Day) 
2021-07-07 
to 2021-07-07 
USD","Return (Day to Day) 
2021-07-08 
to 2021-07-08 
USD","Return (Day to Day) 
2021-07-09 
to 2021-07-09 
USD","Return (Day to Day) 
2021-07-12 
to 2021-07-12 
USD","Return (Day to Day) 
2021-07-13 
to 2021-07-13 
USD","Return (Day to Day) 
2021-07-14 
to 2021-07-14 
USD","Return (Day to Day) 
2021-07-15 
to 2021-07-15 
USD","Return (Day to Day) 
2021-07-16 
to 2021-07-16 
USD","Return (Day to Day) 
2021-07-19 
to 2021-07-19 
USD","Return (Day to Day) 
2021-07-20 
to 2021-07-20 
USD","Return (Day to Day) 
2021-07-21 
to 2021-07-21 
USD","Return (Day to Day) 
2021-07-22 
to 2021-07-22 
USD","Return (Day to Day) 
2021-07-23 
to 2021-07-23 
USD","Return (Day to Day) 
2021-07-26 
to 2021-07-26 
USD","Return (Day to Day) 
2021-07-27 
to 2021-07-27 
USD","Return (Day to Day) 
2021-07-28 
to 2021-07-28 
USD","Return (Day to Day) 
2021-07-29 
to 2021-07-29 
USD","Return (Day to Day) 
2021-07-30 
to 2021-07-30 
USD","Return (Day to Day) 
2021-08-02 
to 2021-08-02 
USD","Return (Day to Day) 
2021-08-03 
to 2021-08-03 
USD","Return (Day to Day) 
2021-08-04 
to 2021-08-04 
USD","Return (Day to Day) 
2021-08-05 
to 2021-08-05 
USD","Return (Day to Day) 
2021-08-06 
to 2021-08-06 
USD","Return (Day to Day) 
2021-08-09 
to 2021-08-09 
USD","Return (Day to Day) 
2021-08-10 
to 2021-08-10 
USD","Return (Day to Day) 
2021-08-11 
to 2021-08-11 
USD","Return (Day to Day) 
2021-08-12 
to 2021-08-12 
USD","Return (Day to Day) 
2021-08-13 
to 2021-08-13 
USD","Return (Day to Day) 
2021-08-16 
to 2021-08-16 
USD","Return (Day to Day) 
2021-08-17 
to 2021-08-17 
USD","Return (Day to Day) 
2021-08-18 
to 2021-08-18 
USD","Return (Day to Day) 
2021-08-19 
to 2021-08-19 
USD","Return (Day to Day) 
2021-08-20 
to 2021-08-20 
USD","Return (Day to Day) 
2021-08-23 
to 2021-08-23 
USD","Return (Day to Day) 
2021-08-24 
to 2021-08-24 
USD","Return (Day to Day) 
2021-08-25 
to 2021-08-25 
USD","Return (Day to Day) 
2021-08-26 
to 2021-08-26 
USD","Return (Day to Day) 
2021-08-27 
to 2021-08-27 
USD","Return (Day to Day) 
2021-08-30 
to 2021-08-30 
USD","Return (Day to Day) 
2021-08-31 
to 2021-08-31 
USD","Return (Day to Day) 
2021-09-01 
to 2021-09-01 
USD","Return (Day to Day) 
2021-09-02 
to 2021-09-02 
USD","Return (Day to Day) 
2021-09-03 
to 2021-09-03 
USD","Return (Day to Day) 
2021-09-07 
to 2021-09-07 
USD","Return (Day to Day) 
2021-09-08 
to 2021-09-08 
USD","Return (Day to Day) 
2021-09-09 
to 2021-09-09 
USD","Return (Day to Day) 
2021-09-10 
to 2021-09-10 
USD","Return (Day to Day) 
2021-09-13 
to 2021-09-13 
USD","Return (Day to Day) 
2021-09-14 
to 2021-09-14 
USD","Return (Day to Day) 
2021-09-15 
to 2021-09-15 
USD","Return (Day to Day) 
2021-09-16 
to 2021-09-16 
USD","Return (Day to Day) 
2021-09-17 
to 2021-09-17 
USD","Return (Day to Day) 
2021-09-20 
to 2021-09-20 
USD","Return (Day to Day) 
2021-09-21 
to 2021-09-21 
USD","Return (Day to Day) 
2021-09-22 
to 2021-09-22 
USD","Return (Day to Day) 
2021-09-23 
to 2021-09-23 
USD","Return (Day to Day) 
2021-09-24 
to 2021-09-24 
USD","Return (Day to Day) 
2021-09-27 
to 2021-09-27 
USD","Return (Day to Day) 
2021-09-28 
to 2021-09-28 
USD","Return (Day to Day) 
2021-09-29 
to 2021-09-29 
USD","Return (Day to Day) 
2021-09-30 
to 2021-09-30 
USD","Return (Day to Day) 
2021-10-01 
to 2021-10-01 
USD","Return (Day to Day) 
2021-10-04 
to 2021-10-04 
USD","Return (Day to Day) 
2021-10-05 
to 2021-10-05 
USD","Return (Day to Day) 
2021-10-06 
to 2021-10-06 
USD","Return (Day to Day) 
2021-10-07 
to 2021-10-07 
USD","Return (Day to Day) 
2021-10-08 
to 2021-10-08 
USD","Return (Day to Day) 
2021-10-11 
to 2021-10-11 
USD","Return (Day to Day) 
2021-10-12 
to 2021-10-12 
USD","Return (Day to Day) 
2021-10-13 
to 2021-10-13 
USD","Return (Day to Day) 
2021-10-14 
to 2021-10-14 
USD","Return (Day to Day) 
2021-10-15 
to 2021-10-15 
USD","Return (Day to Day) 
2021-10-18 
to 2021-10-18 
USD","Return (Day to Day) 
2021-10-19 
to 2021-10-19 
USD","Return (Day to Day) 
2021-10-20 
to 2021-10-20 
USD","Return (Day to Day) 
2021-10-21 
to 2021-10-21 
USD","Return (Day to Day) 
2021-10-22 
to 2021-10-22 
USD","Return (Day to Day) 
2021-10-25 
to 2021-10-25 
USD","Return (Day to Day) 
2021-10-26 
to 2021-10-26 
USD","Return (Day to Day) 
2021-10-27 
to 2021-10-27 
USD","Return (Day to Day) 
2021-10-28 
to 2021-10-28 
USD","Return (Day to Day) 
2021-10-29 
to 2021-10-29 
USD","Return (Day to Day) 
2021-11-01 
to 2021-11-01 
USD","Return (Day to Day) 
2021-11-02 
to 2021-11-02 
USD","Return (Day to Day) 
2021-11-03 
to 2021-11-03 
USD","Return (Day to Day) 
2021-11-04 
to 2021-11-04 
USD","Return (Day to Day) 
2021-11-05 
to 2021-11-05 
USD","Return (Day to Day) 
2021-11-08 
to 2021-11-08 
USD","Return (Day to Day) 
2021-11-09 
to 2021-11-09 
USD","Return (Day to Day) 
2021-11-10 
to 2021-11-10 
USD","Return (Day to Day) 
2021-11-11 
to 2021-11-11 
USD","Return (Day to Day) 
2021-11-12 
to 2021-11-12 
USD"
0,DJ Industrial Average PR USD,XIUSA00007,!DJI,0.76,1.59,-2.78,-0.56,-2.25,1.6,-1.45,0.48,1.18,0.01,0.13,-0.47,-0.88,-1.84,0.52,-1.92,0.2,1.34,1.51,-0.48,1.2,0.13,-0.48,1.68,-1.34,1.91,0.43,0.57,0.88,-0.55,-0.58,-0.07,0.39,-1.44,0.4,-0.35,0.54,-0.1,-2.29,-0.8,-3.43,0.52,-0.59,1.6,2.06,1.34,1.95,-0.24,2.95,0.9,-0.08,-1.08,1.37,1.6,-0.56,-1.16,0.15,-0.75,1.12,1.54,-0.58,0.13,-0.91,0.63,0.2,0.29,0.83,-0.49,0.35,-0.35,-0.23,0.16,-0.62,1.13,-0.15,0.49,-0.41,0.12,-0.66,0.38,0.23,0.68,-0.22,0.24,0.65,-1.25,0.55,1.44,0.69,0.18,-0.29,0.19,-0.03,-0.22,-0.57,0.38,0.83,-0.04,-0.57,-0.12,-0.07,-2.05,0.99,-2.03,0.76,1.57,0.12,1.08,0.3,0.76,-0.03,0.2,-0.02,0.09,0.2,0.29,-0.38,0.0,0.09,0.05,1.35,-1.75,-1.5,1.95,-0.46,-0.39,-1.11,1.85,0.97,0.1,1.46,0.58,0.9,0.53,-0.39,0.58,-0.46,-0.71,0.32,-0.94,-0.01,0.62,1.39,0.3,-0.31,-0.26,0.52,1.13,-0.29,0.05,0.17,0.89,-0.16,-0.2,0.16,0.9,0.48,-0.36,-0.75,0.93,-0.94,0.67,-0.18,0.01,-0.48,0.71,-0.54,0.7,0.06,0.29,0.93,0.66,-0.1,-1.36,-1.99,1.29,1.06,-0.16,-0.78,-0.48,0.55,0.36,0.54,-0.24,0.03,0.41,0.19,0.13,0.07,-0.07,0.52,-0.36,-0.09,-0.44,0.06,0.04,-0.25,-0.27,-0.77,-0.62,-1.58,1.76,0.2,-0.21,0.95,0.69,-0.44,0.03,0.61,0.38,0.44,-0.6,0.3,-0.75,1.3,0.36,-0.31,0.13,0.15,-0.86,-2.09,1.62,0.83,0.07,0.68,0.24,-0.24,-0.36,0.44,-0.42,-0.28,0.8,-0.92,0.78,0.41,-0.3,0.46,0.62,0.04,0.04,0.31,-0.79,-1.08,-0.19,0.65,0.61,0.09,0.11,-0.54,0.69,-0.16,-0.11,-0.14,0.37,-0.21,-0.76,-0.2,-0.43,-0.78,0.76,-0.84,0.68,-0.18,-0.48,-1.78,-0.15,1.0,1.48,0.1,0.21,-1.63,0.26,-1.59,1.43,-0.94,0.92,0.3,0.98,-0.03,-0.72,-0.34,0.0,1.56,1.09,-0.1,0.56,0.43,-0.02,0.21,0.18,0.04,-0.74,0.68,0.25,0.26,0.39,0.29,-0.09,0.56,0.29,-0.31,-0.66,-0.44,0.5
1,Amgen Inc,0P000000F0,AMGN,-0.97,2.89,-3.96,0.2,-2.91,1.82,-2.01,1.07,1.46,0.65,-0.24,0.13,-0.15,-1.83,1.77,-1.98,-0.94,1.46,1.32,0.51,2.36,0.48,-3.91,4.32,-1.3,1.97,-6.82,-1.41,1.19,-0.07,-0.71,-1.11,0.3,-2.13,0.17,-0.92,-0.43,-0.36,-1.0,-0.64,-3.17,0.67,-0.4,1.51,-0.07,4.67,0.71,-0.13,1.44,2.81,-0.38,-1.47,0.77,-0.29,-1.78,-2.01,-1.36,-0.67,-0.43,-0.79,-0.07,2.04,-1.23,1.37,0.66,0.15,1.01,-1.2,1.1,0.4,-0.74,-0.33,0.91,0.47,-0.91,1.23,-1.19,-0.52,-2.78,0.88,0.0,0.32,1.44,0.13,1.21,-1.42,0.49,2.41,0.33,1.91,-0.39,-0.41,0.49,1.65,1.58,1.13,1.65,-0.13,0.58,1.42,0.58,-2.92,-1.32,-2.55,-0.41,0.02,-1.42,0.06,-0.38,0.53,-0.39,0.76,-0.7,0.92,-1.84,1.19,-1.31,-0.36,-0.09,0.43,-1.06,-1.07,-1.14,0.94,-0.59,-0.78,-0.91,2.62,0.04,0.52,0.42,0.53,-0.35,2.43,1.85,1.64,0.06,0.62,1.52,-1.86,0.18,0.32,2.68,0.83,-2.04,-0.38,0.14,1.14,-1.16,-0.39,-0.5,0.84,0.0,0.41,-0.13,2.21,0.23,0.1,1.24,-0.14,-1.44,0.78,-0.59,-0.15,-7.22,-0.84,2.1,2.4,0.81,0.8,0.78,1.16,-0.63,-0.13,-0.58,0.49,0.42,0.4,-0.6,-0.89,1.33,-0.37,-1.3,-2.32,-1.43,-1.36,1.12,-1.83,0.68,0.25,0.47,0.14,-0.16,1.14,2.14,-0.76,-0.65,-0.56,-0.11,0.49,-0.86,0.65,-0.14,-0.5,0.94,0.72,0.07,-0.16,0.53,1.29,0.73,-2.03,-0.18,0.44,0.38,-0.34,0.19,-0.05,0.79,0.54,-0.5,0.06,-0.83,-0.04,1.22,-1.07,-0.16,-0.18,-0.73,-0.38,-0.72,1.79,-6.46,2.49,-1.64,-0.98,0.03,0.07,0.01,0.67,1.37,0.06,-1.89,-1.08,-0.38,0.94,-0.56,-1.24,-0.05,0.59,0.61,0.62,-0.97,1.17,0.18,-2.22,-0.21,-2.4,-0.85,1.39,-0.31,0.97,-0.35,0.93,-1.95,0.12,-0.8,0.66,-0.67,-0.23,-0.39,1.24,-1.05,0.6,-1.16,0.2,-0.89,-0.41,-0.08,-1.08,-2.33,0.85,1.56,0.51,-2.27,1.8,1.39,-0.32,0.12,-0.77,0.51,-1.01,0.29,-0.1,1.36,2.13,1.81,-1.47,-0.54,-1.12,0.16,0.71,-0.77,-0.08
2,Apple Inc,0P000000GY,AAPL,3.98,-2.07,-8.01,0.07,-6.73,3.99,-3.26,-1.31,3.0,0.16,-2.95,-1.6,-3.17,3.03,1.57,-4.19,1.03,3.75,2.39,-0.76,1.51,0.85,-3.23,3.08,-2.87,1.7,-0.1,1.74,6.35,-2.65,0.07,-0.4,-1.4,-2.55,1.32,-0.54,-0.96,-0.61,0.01,1.35,-4.63,3.71,-5.6,-0.08,1.54,4.08,3.55,-0.11,-2.0,-0.3,3.04,-0.23,0.04,0.87,-0.76,-1.14,0.52,-1.1,-2.97,1.16,0.75,0.48,2.11,3.08,0.29,-0.11,-0.56,1.23,0.51,-2.09,1.2,-0.67,-0.51,5.01,-0.05,0.7,-1.59,1.24,2.85,-0.7,0.77,3.58,-1.33,-0.85,-0.77,-2.47,1.24,-3.37,3.41,0.86,-2.32,-0.14,1.62,-1.51,-1.37,0.54,3.29,3.67,1.61,2.77,0.17,-0.77,-3.5,-3.74,1.65,0.63,-0.78,2.58,-0.31,0.11,-0.66,-0.46,-0.19,0.18,-1.61,-1.76,-0.86,0.12,-2.98,-0.11,-0.41,-3.48,0.22,5.39,-2.09,-2.45,-1.58,1.07,-4.17,4.06,-0.91,1.65,-0.76,2.45,1.27,-0.65,-3.39,-0.45,2.83,-0.69,-2.0,0.42,0.51,0.15,-1.23,1.88,0.7,2.36,0.25,1.34,1.92,2.02,-1.32,2.43,-1.79,1.87,-0.25,0.51,-1.28,0.29,-1.17,1.8,0.3,-0.24,-0.6,-0.07,-1.51,0.82,-3.54,0.2,1.28,0.53,-2.58,-0.74,-2.49,1.79,1.98,-0.93,-1.12,-0.13,2.1,-1.48,1.33,-0.16,-0.04,-1.24,-0.53,-0.26,0.63,-1.22,1.9,0.01,0.67,0.31,-0.8,0.98,2.46,-0.64,0.39,1.26,-1.01,1.41,1.27,-0.21,-0.22,-0.22,1.25,1.15,0.46,0.23,1.96,1.47,1.8,-0.92,1.31,-0.42,0.79,2.41,-0.45,-1.41,-2.69,2.6,-0.51,0.96,1.2,0.29,-1.49,-1.22,0.46,0.15,-0.23,1.26,-0.28,0.07,-0.48,-0.03,-0.34,0.18,2.08,0.14,1.35,-0.62,-2.55,0.23,1.02,1.03,-0.06,-0.84,-0.55,0.72,3.04,-0.84,0.45,0.75,0.42,1.55,-1.01,-0.67,-3.31,0.39,-0.96,0.61,-0.16,-1.83,-2.14,0.34,1.69,0.67,0.06,-1.05,-2.38,0.65,-0.93,0.81,-2.46,1.42,0.63,0.91,-0.27,-0.06,-0.91,-0.42,2.02,0.75,1.18,1.51,0.34,0.15,-0.53,-0.03,0.46,-0.31,2.5,-1.82,-0.56,0.71,0.98,-0.35,0.36,-0.56,0.25,-1.92,-0.03,1.43
3,Cisco Systems Inc,0P0000019Y,CSCO,-0.45,0.93,-3.47,-0.32,-2.01,0.33,-1.4,0.78,1.23,0.57,-0.44,-0.12,-1.39,-1.93,0.72,-2.64,-1.12,1.59,1.77,-0.18,0.84,-0.58,-1.37,0.78,0.0,2.15,0.99,0.15,1.28,-1.36,0.2,0.2,0.48,-2.14,-0.25,-0.36,-0.61,0.0,-2.96,-2.12,-3.15,-0.06,0.59,0.0,2.17,-0.3,1.8,0.81,1.79,1.36,1.58,-1.68,7.06,2.75,-1.55,-1.34,-0.36,-0.49,1.64,2.33,-0.26,0.47,0.75,1.21,0.8,0.5,0.61,-0.07,0.05,0.72,-0.83,0.0,-0.18,1.08,0.0,0.22,1.38,-1.23,-0.42,-0.7,0.37,0.85,-0.62,-0.36,0.61,-0.96,0.05,0.95,1.26,0.22,0.67,0.95,-0.94,-0.46,0.62,-0.53,0.33,-0.51,-0.75,0.58,0.51,0.97,-0.79,-1.68,1.84,0.95,-0.13,3.23,1.76,1.79,-0.9,-2.6,0.72,-0.61,-1.65,-0.56,0.19,-1.42,-0.55,0.18,0.51,-0.48,-1.43,2.34,-0.88,-0.85,-1.26,3.79,2.72,0.8,0.84,1.06,0.04,1.21,0.53,-0.5,-1.25,0.37,2.69,-0.58,-0.72,1.73,4.08,-0.1,-1.43,-0.12,0.52,1.54,-0.73,-0.49,0.27,0.35,-1.0,0.17,-0.56,0.53,2.25,0.09,-2.01,0.27,-0.83,0.8,-0.52,-0.52,-0.51,0.68,-1.07,0.51,-0.9,0.83,2.56,1.89,-0.51,-0.62,-2.33,1.72,0.78,0.08,-0.02,-0.87,0.72,-0.79,1.83,-0.15,-0.75,0.02,-0.04,-0.53,0.65,0.7,1.39,-0.28,0.39,-0.2,1.87,-0.47,-1.1,-0.7,-0.59,-0.64,-2.0,2.13,0.15,-0.94,0.04,0.53,-0.19,-0.09,0.17,0.83,0.88,-1.05,0.53,0.0,0.9,-0.95,0.17,1.44,-0.81,0.09,-1.19,0.98,0.56,1.22,1.27,0.43,-0.34,-0.92,0.55,0.54,0.14,1.44,-1.0,0.13,-0.3,-0.22,0.25,0.45,0.95,0.14,-0.34,-0.48,-1.54,3.84,1.66,0.55,1.33,0.05,-0.25,-0.3,0.19,-0.19,0.03,0.83,-0.18,-0.91,-0.34,-0.14,-1.21,0.36,-0.4,-0.54,-0.4,-0.84,-1.69,-1.13,0.47,2.11,0.07,-0.9,-1.25,-0.07,-1.89,1.3,-0.98,0.85,-1.37,2.0,0.11,-0.27,-1.18,0.63,1.89,-0.72,-0.11,1.0,0.83,-0.91,-1.04,0.05,1.22,0.66,0.11,-0.48,0.23,2.71,0.05,-0.92,-0.09,-0.12,0.77,0.57,-1.75,0.11
4,Honeywell International Inc,0P000002PC,HON,1.46,2.68,-3.58,0.23,-1.45,0.9,-0.89,1.33,1.21,-0.1,1.01,0.2,-0.96,-4.34,0.81,-2.39,-0.02,1.72,1.95,-0.08,0.06,-0.56,1.18,1.88,-1.08,2.79,1.3,0.35,0.56,-2.17,1.12,-0.5,1.3,-1.87,0.97,-0.23,2.3,-0.74,-3.06,-2.01,-3.35,2.13,0.21,5.25,3.23,-0.17,2.44,0.54,6.9,2.53,-1.33,-0.56,2.18,3.5,-1.56,-2.06,0.8,-0.36,1.28,1.62,-0.1,0.83,-2.62,1.12,0.87,0.11,2.14,-0.74,0.46,0.08,-0.13,1.25,-1.3,1.1,-1.8,0.78,-0.9,0.3,-1.29,0.99,-0.22,0.2,-0.39,0.87,0.83,-2.23,0.25,1.82,0.16,-1.21,-0.8,0.25,-0.89,0.77,-1.27,0.38,0.64,-1.37,-1.45,-0.19,-0.4,-0.84,1.74,-3.68,0.1,2.33,-0.49,0.73,1.16,0.46,-0.9,0.07,0.01,0.69,-0.06,-0.76,0.8,0.02,0.03,0.7,2.92,-2.52,-1.19,1.91,0.17,0.21,-1.97,1.79,0.54,-0.04,2.55,-0.19,0.88,0.85,-2.03,0.58,0.93,-0.98,-0.37,-1.67,1.74,0.78,2.17,0.16,-0.36,-0.47,-0.12,1.14,-0.04,-0.31,0.62,3.24,0.71,0.17,0.17,0.2,0.99,-0.49,-1.58,1.39,-0.54,-2.08,-1.33,0.64,-0.03,0.46,-0.38,0.07,1.0,0.34,1.09,0.06,0.94,-0.77,-3.98,2.08,1.65,-0.39,-1.83,-0.45,0.37,0.48,0.81,-0.43,0.1,3.12,-0.16,0.88,-0.95,-0.67,0.37,-0.81,0.71,-0.87,-0.68,-0.47,-0.89,-0.3,-1.58,-1.23,-1.75,1.65,-0.24,-0.39,1.41,0.48,-0.89,-0.39,1.57,0.58,0.32,-1.25,1.0,-0.64,2.29,0.3,-0.42,1.65,2.21,-1.07,-4.2,4.08,0.95,0.38,-1.47,-0.03,0.48,0.06,1.04,0.39,-0.59,0.1,-1.32,0.13,-0.09,-0.63,1.6,0.99,-0.56,-0.08,0.85,-0.98,-1.31,-0.3,-0.01,0.62,0.58,0.1,0.1,0.11,0.32,0.02,-0.91,0.51,-1.13,-2.38,0.66,-0.66,-0.25,0.55,-1.53,0.68,-0.92,-0.53,-1.26,-0.38,0.99,1.23,-0.23,-0.59,-1.34,-0.02,-1.23,1.59,-0.67,0.7,0.53,0.7,-0.31,-1.11,-0.45,0.58,1.4,0.97,-0.04,0.52,0.84,0.39,-3.17,0.06,0.36,-1.19,1.28,0.06,0.52,0.65,0.73,-0.14,1.6,-0.15,0.89,-0.6,-1.95,0.62
5,Intel Corp,0P000002X8,INTC,-0.31,2.87,-3.56,-0.62,-2.34,1.45,-1.33,0.65,0.26,1.19,0.74,-0.1,-0.85,-0.34,0.46,-2.26,0.7,1.59,2.98,-0.47,1.15,0.89,-2.35,1.33,-0.62,2.53,1.33,-1.03,2.01,-0.09,-0.52,0.56,0.58,0.78,-2.11,0.13,0.75,-10.58,-3.07,-2.31,-3.05,-0.32,0.39,0.41,0.88,1.9,0.68,-0.63,0.46,-0.35,2.0,-3.02,1.13,1.61,-1.43,-1.03,1.24,-0.5,1.48,2.06,0.09,0.85,1.9,2.5,0.69,2.18,1.95,-3.43,0.98,-1.22,0.38,-1.05,1.49,0.39,0.9,-0.92,-6.3,-2.32,-0.41,0.87,1.07,0.0,4.93,-1.3,2.19,-0.3,1.89,0.97,2.13,-1.03,-0.21,3.3,6.97,4.04,-2.82,0.71,1.17,6.46,-9.29,-2.15,-0.41,-2.93,4.62,-0.99,2.13,2.31,-0.55,2.53,-1.04,1.68,-0.64,0.14,3.06,1.9,1.07,-0.99,-0.39,2.27,-3.65,0.68,3.39,-4.42,0.63,3.46,-2.61,-2.19,-2.62,4.13,-1.47,4.71,-0.67,1.7,-0.65,1.41,1.55,1.54,-3.12,0.05,2.93,-3.28,-2.27,-0.03,4.6,-0.57,-1.13,0.36,0.86,3.08,-1.47,1.05,1.21,1.8,-4.18,-0.28,-1.58,1.29,-0.42,-1.73,-1.46,1.59,-1.77,-5.32,-0.81,-1.34,-0.6,1.15,-1.29,-0.47,-0.63,-0.09,1.21,0.84,-2.95,-1.66,-2.58,0.73,2.48,-0.04,-0.89,0.95,1.07,0.23,1.57,-0.16,0.09,1.42,-1.06,-0.4,1.04,-2.16,2.01,-0.49,-0.16,0.0,0.67,0.82,0.59,-0.34,-1.33,-0.07,-2.64,0.36,0.0,-1.09,1.47,-0.29,2.81,-1.27,-1.07,-0.23,1.34,-1.18,-0.23,-1.02,1.08,1.32,0.25,-0.62,-1.26,-1.51,-0.6,1.1,1.79,-0.48,-5.29,2.47,-2.08,-0.21,1.19,0.04,-0.07,0.71,-0.3,0.63,0.06,0.24,-0.2,0.37,-1.11,-0.09,-0.04,-1.46,-0.95,0.48,-0.82,2.35,1.09,0.0,-1.26,1.43,0.09,0.22,-0.72,0.11,-0.41,0.26,-0.15,-0.32,0.82,2.14,-0.85,1.1,-0.53,-1.04,-2.36,-0.21,1.19,0.99,0.35,0.81,-1.21,-0.94,-0.39,1.09,-0.72,0.9,0.06,0.37,-0.68,-0.69,-2.38,0.17,3.14,1.04,0.02,1.36,0.29,1.14,-11.68,-0.1,-2.29,-0.81,0.4,1.91,1.12,0.63,1.06,0.53,1.21,1.24,-0.68,-0.86,-0.45,-0.44
6,Microsoft Corp,0P000003MH,MSFT,0.77,1.93,-6.19,-1.4,-5.41,4.26,-2.8,-0.65,0.68,1.64,-1.79,-1.04,-1.24,1.07,2.41,-3.29,1.3,2.28,0.78,-1.04,1.48,1.01,-2.95,2.03,-2.12,1.9,0.36,2.48,2.59,0.66,-0.9,-0.54,0.0,-2.48,0.2,0.07,0.04,0.62,-2.84,1.51,-4.96,1.01,-1.1,-0.07,2.03,4.82,3.19,0.19,-2.38,-3.38,2.63,-0.51,0.5,0.33,-1.28,-1.31,0.63,-0.96,-0.13,1.78,0.0,0.64,-0.54,1.0,-0.39,-0.52,0.06,-0.03,0.8,-1.95,-0.6,1.3,0.44,-0.03,2.41,0.06,-0.38,1.83,0.61,-1.3,0.78,0.99,-0.36,-1.1,0.33,-2.13,0.1,-2.59,2.85,0.61,-0.97,-1.18,0.66,-1.53,-0.17,1.78,3.65,0.28,0.44,1.58,1.22,0.25,2.59,-2.92,3.32,-0.06,1.46,-0.41,0.08,0.11,0.54,-0.39,0.69,0.2,-0.53,0.43,-0.17,-1.16,-2.68,-0.53,0.55,-2.37,1.48,1.96,-1.3,-2.7,-0.36,2.15,-1.82,2.81,-0.58,2.03,-0.58,-0.4,1.24,-0.28,-2.67,-0.16,2.45,0.67,-0.89,-1.33,1.78,-0.52,-1.44,1.69,2.79,2.77,-0.49,0.82,1.34,1.03,0.02,1.01,-1.12,1.53,0.48,-0.77,-0.19,0.9,-1.31,1.55,0.15,0.16,-2.83,-0.81,-0.13,-0.13,-1.62,-0.53,1.32,1.09,-2.09,-0.38,-2.94,1.69,2.11,-1.2,-0.86,0.25,1.38,-0.53,2.29,0.37,-0.09,-0.87,0.15,-0.91,-0.04,-0.64,2.07,1.2,-0.49,0.4,1.44,0.25,0.78,-0.59,-0.38,1.37,-0.56,1.23,1.1,-0.09,0.53,-0.63,1.4,1.0,-0.18,0.26,2.23,0.0,0.82,-0.9,0.19,-0.22,1.32,0.54,-0.52,-0.1,-1.33,0.83,0.74,1.68,1.23,-0.21,-0.87,-0.11,0.1,-0.55,-0.03,0.81,-0.21,1.05,-0.02,-0.39,-0.66,0.18,1.0,1.05,0.6,-0.52,-0.61,2.08,2.56,0.1,-0.67,-0.2,-0.97,0.21,1.29,-0.56,-0.02,-0.23,0.0,-0.32,0.01,-0.99,-0.52,0.43,0.94,1.68,0.13,-1.75,-1.86,0.17,1.28,0.33,-0.07,-1.73,-3.62,0.17,-0.73,2.55,-2.07,2.0,1.51,0.59,0.0,-0.21,-0.46,1.17,2.17,0.48,1.01,0.31,-0.27,1.09,-0.51,-0.33,0.64,4.21,0.37,2.24,-0.68,1.14,0.26,0.73,-0.11,0.28,-0.31,-1.53,0.49,1.29
7,Walgreens Boots Alliance Inc,0P000005UI,WBA,-3.31,1.12,-0.22,-0.54,-2.14,-2.08,-1.92,0.09,1.18,0.46,2.86,2.56,-0.75,-3.09,-0.2,-1.85,-0.09,1.14,1.81,-1.91,1.53,-0.14,-0.28,2.38,-1.83,1.5,1.59,-1.97,1.62,-2.03,-0.75,4.82,-0.61,-1.18,1.41,-0.27,0.32,1.41,-2.18,-3.25,-3.92,-3.09,1.55,5.14,4.41,-2.88,3.4,-0.59,6.63,6.45,-2.15,-1.62,4.76,3.25,-9.63,-2.9,-0.99,-0.85,1.2,1.42,1.43,-0.18,-2.54,1.18,3.59,7.48,1.38,-2.26,-1.04,-0.52,-0.29,-0.29,-0.12,-0.36,-2.15,1.09,-0.46,-0.05,-3.44,1.53,-0.63,0.1,-0.63,-0.18,1.37,3.81,-0.58,4.54,5.18,-0.11,5.51,0.55,2.04,0.78,-0.81,-1.57,-0.12,-2.12,0.81,0.78,2.86,4.05,-0.98,-0.85,-2.83,-0.8,0.95,0.76,1.1,0.24,0.14,3.22,-2.89,0.52,-2.46,0.85,-0.35,-0.12,0.0,-0.92,1.57,-1.83,-0.7,-0.17,-0.86,0.4,-1.62,0.73,2.71,-0.04,4.25,1.98,3.28,3.46,-0.62,-1.11,-2.59,-0.3,1.08,-2.03,-0.48,-0.14,0.62,1.58,0.25,3.62,-0.27,3.74,-1.94,-0.22,-1.42,-1.11,0.96,-0.18,-0.24,-1.38,-0.78,0.92,-0.84,1.33,-2.72,0.84,-0.55,-0.42,-0.21,0.64,0.69,2.26,-0.33,0.65,-0.02,0.13,1.06,-1.58,-2.21,2.07,1.05,1.08,-0.07,-0.81,0.47,0.51,-0.09,-1.17,-4.02,1.98,-0.72,0.34,1.87,1.75,0.15,-0.53,-1.03,-1.06,3.52,0.0,-1.59,-0.35,-1.71,-0.94,-3.73,2.14,-0.31,0.6,0.04,0.12,0.1,-0.42,1.19,-7.41,-1.11,-0.98,-0.44,-1.62,1.48,0.3,-0.48,-0.93,-1.34,-0.5,-0.96,1.05,1.32,-0.39,0.09,1.55,-0.91,0.62,-0.15,0.23,-0.68,1.41,-2.0,0.84,0.36,0.72,2.09,2.66,-0.8,-0.06,-0.3,0.0,-0.24,-2.02,1.58,0.43,-0.35,0.64,-1.66,1.34,0.31,4.36,-0.91,2.96,-0.95,-0.57,0.18,-1.02,-2.21,-0.55,-1.95,3.94,-0.36,-0.64,-2.46,-0.79,-0.02,0.94,-0.31,1.01,-1.45,1.29,-3.41,-0.53,-0.24,0.86,-0.38,2.0,-0.98,0.08,0.0,-0.34,7.43,-3.64,-1.06,-0.81,0.79,1.55,-0.28,0.45,-1.85,-2.46,-0.04,-0.17,0.64,0.91,3.1,0.57,1.39,-0.6,-1.6,-0.26,1.98,0.16
8,3M Co,0P0000000I,MMM,1.09,2.86,-1.89,-0.32,-1.57,1.55,-1.54,1.85,1.38,-1.12,1.77,1.69,-1.64,-4.83,0.61,-1.74,0.57,-0.09,0.87,-1.14,0.23,-0.87,0.99,1.49,-0.32,2.63,0.73,0.95,-0.38,-1.2,1.06,0.4,1.12,-0.83,0.83,-1.04,0.91,-0.53,-2.14,-3.09,-1.55,-0.03,0.93,1.86,1.58,-3.23,1.9,-0.11,0.25,3.49,0.04,-1.28,1.64,2.4,-0.13,-1.29,0.98,0.75,0.72,1.69,0.02,-0.13,-2.35,-1.28,0.78,-0.01,0.37,-1.34,1.36,1.64,-1.03,0.31,-0.54,0.92,0.42,0.71,-0.13,-0.43,-0.5,-0.45,0.3,0.11,-0.49,0.15,0.39,-1.67,-0.17,1.52,-2.57,-1.83,-0.85,0.79,-0.14,0.08,-0.52,2.16,0.65,0.26,-0.96,0.8,3.26,6.08,-1.73,-4.23,-0.55,0.18,0.26,0.92,1.08,0.98,0.1,0.08,-1.32,0.84,-1.16,0.01,1.54,-1.58,-0.24,0.03,0.83,0.64,-2.07,0.77,0.4,0.54,-0.24,1.78,1.64,-1.41,1.84,0.03,0.19,2.47,-1.39,0.78,1.43,-1.2,0.4,-0.6,1.25,1.26,0.92,0.44,-0.56,-1.01,0.01,1.18,-0.07,0.06,0.39,1.16,-0.09,-0.69,0.14,0.37,0.56,0.01,-0.15,1.3,0.01,0.65,-1.27,-2.59,0.76,1.59,-0.96,0.75,0.39,1.03,0.48,0.33,2.1,-1.74,-2.38,2.28,0.48,0.36,-1.01,-0.21,0.26,0.1,0.37,-0.44,-0.06,0.82,-0.1,0.08,0.04,0.19,1.17,-1.13,-0.07,-0.42,0.19,-0.16,-0.71,-0.37,-1.84,-0.9,-1.81,1.88,-0.04,-1.42,0.47,0.77,0.9,-0.24,1.33,0.23,0.4,-1.5,1.51,-0.8,1.38,-0.51,-0.19,1.62,-0.12,-1.59,-0.91,1.65,-0.02,-0.85,0.71,0.59,-0.6,-1.09,-0.06,-0.12,-0.21,1.78,-1.74,0.14,0.17,-0.35,0.92,1.16,-0.07,-0.42,0.87,-1.37,-1.52,-0.59,0.14,0.27,0.04,-0.21,0.5,-0.14,0.57,-0.73,-0.67,0.75,-0.26,-4.53,1.24,-1.14,-0.65,0.37,-1.52,0.97,-0.83,-0.64,-0.53,-1.17,0.8,0.94,-0.27,0.41,-0.96,0.46,-3.02,0.72,-0.36,1.05,0.29,-0.34,-0.48,-0.38,-0.43,0.93,1.78,0.9,-0.12,0.32,0.06,-0.16,-0.72,0.88,-0.13,-2.15,0.91,-0.66,0.5,1.33,0.14,-0.89,0.66,-0.14,-0.12,0.6,-1.21,1.91
9,American Express Co,0P000000CU,AXP,0.87,1.88,0.06,1.16,-1.89,0.11,-0.97,0.57,3.78,-0.55,-0.66,-1.25,-1.17,-5.09,0.32,-2.97,-0.12,0.85,2.66,-1.08,2.56,1.08,0.28,2.24,-2.05,1.59,3.01,0.26,0.25,-1.5,-0.19,-0.36,0.46,-2.33,0.65,-1.66,3.31,-3.64,-4.06,-2.01,-3.51,-0.58,0.19,2.37,3.09,0.11,1.77,-1.45,21.39,-1.21,-4.17,-0.02,3.5,3.2,-1.85,-1.92,-0.09,-1.37,3.12,3.7,0.16,0.01,-1.66,1.13,2.0,0.65,1.56,-0.88,-0.34,-1.48,0.12,-1.32,-2.39,1.48,-0.08,-0.02,-1.24,-0.94,-1.6,2.1,0.34,0.86,-0.19,1.09,1.24,-2.37,0.53,3.7,-0.79,0.1,-0.59,0.46,0.64,1.13,-1.32,3.77,1.73,-1.17,-1.01,-3.96,-4.13,-1.77,4.28,-2.28,0.66,3.14,-0.22,3.7,1.1,1.35,-1.02,1.22,0.06,1.02,0.82,-1.62,-0.05,2.51,3.22,0.73,2.15,-2.01,-1.33,2.55,0.39,2.4,0.06,3.26,2.0,-3.44,1.14,0.68,0.53,-1.04,-2.51,0.96,-1.45,-1.31,-0.54,-2.77,1.72,2.79,1.02,-0.95,0.79,-1.13,2.21,1.03,0.06,0.67,-0.06,0.5,-0.14,-1.07,0.98,0.75,0.98,-0.97,-2.32,1.43,-0.01,-1.92,4.16,0.01,1.45,1.37,-0.83,0.95,-0.17,1.2,0.31,1.34,-0.19,-2.68,-1.38,1.17,1.99,-0.18,-1.19,-0.17,0.52,0.86,1.13,-0.4,0.36,0.73,0.24,2.27,0.22,0.24,0.29,0.56,0.36,-1.45,-1.13,1.41,-0.43,1.5,-0.96,-1.55,-2.44,4.25,-0.24,0.92,1.32,0.74,-2.76,-0.32,0.6,1.3,0.93,0.63,0.84,-2.04,2.65,0.97,-0.56,-0.06,0.19,-1.64,-4.24,3.72,2.16,-0.93,1.33,-0.33,0.19,-1.69,1.14,-0.83,-0.74,-0.14,-0.58,0.93,1.02,-0.34,-0.76,0.7,-1.26,-1.45,-0.2,-0.66,-1.53,-1.91,0.45,0.44,0.47,3.09,-0.4,1.9,-2.6,1.03,-0.92,-1.45,-1.7,0.26,-0.49,0.29,-0.42,1.72,-1.22,1.17,0.8,0.79,-2.04,1.68,2.58,3.5,1.36,0.6,-2.05,-0.92,-2.34,3.83,-0.74,1.22,-0.78,0.76,0.49,-0.96,0.84,-3.54,1.65,2.51,0.57,0.28,1.29,-1.19,5.42,-2.55,-0.75,-1.61,-1.92,-0.48,0.25,-0.6,-0.32,-0.05,2.41,1.9,-0.11,0.85,-0.05,0.33
10,Boeing Co,0P000000TU,BA,0.16,1.56,-3.44,1.35,-5.83,-0.19,-1.92,1.61,3.2,-1.12,2.43,0.04,-3.81,-2.97,0.29,-3.58,-3.39,6.83,6.44,-1.49,1.01,1.57,0.13,1.86,-6.81,3.18,2.06,-0.4,0.01,-3.11,0.68,0.61,1.89,-0.14,0.08,-2.02,3.18,-1.01,-3.9,-3.48,-4.57,0.1,-2.63,2.92,3.4,-1.31,3.6,0.41,13.71,5.2,-3.47,-2.98,5.88,8.17,3.78,-3.21,1.17,-2.94,5.97,3.29,-0.4,-0.51,-2.67,1.09,5.09,5.96,-1.89,2.35,-0.67,-1.91,1.02,-1.75,-0.74,0.38,-1.58,-2.05,-0.67,-0.2,-0.24,0.42,-1.16,-0.49,0.07,0.19,-1.2,-5.3,4.4,-0.28,0.8,-1.32,-1.48,0.78,-0.58,1.3,-2.66,3.13,0.35,-1.91,-0.76,-1.2,-0.64,-3.97,1.65,-1.54,0.85,2.6,3.21,1.57,-1.29,1.93,1.5,-1.49,-0.59,0.15,2.94,-0.76,-3.27,4.31,-2.11,-0.36,8.12,-5.62,-2.05,5.84,-0.56,2.43,-1.68,-0.66,0.36,2.94,6.39,2.71,6.82,-1.32,-3.92,3.28,-2.86,-0.09,-1.79,-3.97,-0.83,3.32,-0.94,2.31,0.59,1.08,-0.69,2.53,-1.62,-1.02,0.94,-1.02,-1.13,1.5,-0.33,-0.52,-1.17,-1.62,-4.13,0.79,-0.67,1.73,1.28,0.43,-2.89,0.2,-0.69,0.38,-0.66,-2.33,0.71,2.46,-1.08,-1.74,-3.54,0.84,2.62,-0.21,-0.19,-1.38,1.44,3.15,1.12,1.39,0.26,3.87,-1.47,3.12,0.35,-2.07,-0.16,1.1,0.04,-1.86,0.11,-0.43,-0.87,0.57,-1.73,-1.26,-0.78,3.34,-0.61,-0.09,2.87,-0.87,-3.39,-1.75,1.61,0.07,-1.27,-0.23,-1.85,2.15,1.19,-0.54,-4.23,-1.64,-0.75,-2.25,-4.94,4.91,2.48,-0.75,0.29,1.95,-1.59,4.18,0.03,-2.22,-0.5,1.66,-1.07,1.46,0.6,0.41,1.51,1.57,-0.55,-1.56,-2.3,-2.99,-1.45,-3.12,0.24,3.16,0.93,-0.18,-2.05,2.42,-1.84,0.85,-0.63,1.24,-1.2,-1.8,-1.33,1.21,-1.7,1.99,-1.36,1.25,-0.4,0.0,-1.81,-0.47,4.06,1.9,0.13,1.25,-2.57,3.18,-2.41,2.76,-0.98,0.28,0.25,0.66,-0.04,0.03,-1.27,-0.8,-1.96,-0.18,-0.03,-0.47,0.09,-0.85,-0.64,-0.05,-1.44,-1.53,0.6,-0.39,3.65,-0.84,0.29,-0.16,5.37,-0.79,-0.85,-1.04,0.4,0.72
11,Caterpillar Inc,0P0000014I,CAT,2.63,2.2,-1.68,0.97,0.23,2.81,-1.85,2.65,-0.21,-3.2,1.69,1.83,-0.96,-4.63,1.25,-1.88,0.53,0.53,1.21,-0.18,1.18,-1.64,2.2,2.37,-1.28,2.14,1.22,1.46,2.31,-0.3,0.92,0.87,2.25,-0.72,0.87,-0.94,1.35,-0.02,-3.2,-3.24,-4.27,2.32,1.54,3.96,2.71,-7.43,5.06,-1.1,5.91,0.87,-1.65,-0.19,1.53,0.86,-0.74,0.48,0.09,-0.39,1.48,1.21,-1.28,0.26,-0.85,-0.19,0.35,0.44,4.34,-1.92,0.07,0.69,-0.68,0.25,-0.69,2.07,-1.23,-0.18,1.0,-0.44,-1.99,1.04,0.64,-0.66,-0.96,1.92,1.1,0.07,0.82,5.57,0.19,0.02,-0.21,1.9,-0.84,0.77,-1.41,0.24,-0.89,-0.08,-0.13,-2.4,-0.07,-3.51,2.05,-0.81,1.03,4.21,-0.55,0.1,0.7,2.31,-0.09,0.22,0.32,-0.18,2.22,-0.04,-1.18,5.0,3.88,0.97,1.04,-0.29,-2.68,1.8,-1.79,-0.42,-1.0,3.47,0.64,-2.16,1.96,-0.59,4.2,0.76,-1.85,3.17,-1.26,-2.34,0.32,-3.44,1.37,1.37,2.34,0.31,1.24,-0.52,0.38,0.42,-1.31,-0.1,0.03,0.12,0.08,-0.68,1.41,-0.03,0.36,-0.42,-2.05,2.12,-1.54,0.98,0.2,-0.1,0.85,-2.08,0.28,0.03,2.3,1.92,-0.34,1.65,0.67,-1.36,-0.83,1.16,0.9,1.06,-2.17,-1.09,-0.79,0.96,0.76,-0.79,0.23,1.5,-0.08,0.7,0.29,0.16,0.07,-1.75,0.17,-2.29,-3.8,-2.23,-0.77,0.21,-1.05,-3.55,-0.28,2.08,-0.04,0.31,2.6,-1.38,-0.02,-0.54,1.18,-0.42,0.48,-1.95,0.55,-1.2,2.5,0.53,-1.55,-1.65,-0.11,-1.64,-1.81,2.4,1.33,-0.75,0.18,0.72,-0.54,0.73,0.53,-2.73,-0.77,1.63,-1.91,1.31,0.56,0.26,2.48,3.55,-0.64,-0.76,-0.39,-1.96,-1.7,-2.55,0.24,2.05,1.65,1.02,-1.64,0.75,-0.65,-0.27,-1.38,1.84,-0.67,-1.02,-0.7,-0.65,-0.2,0.58,-1.88,1.68,-1.04,-1.89,-4.47,-0.51,0.8,2.75,0.1,1.62,0.28,-1.34,-2.98,1.23,-0.62,-0.33,-0.33,2.03,-0.3,-1.16,-1.54,-0.52,2.85,2.41,-0.42,1.49,1.52,-1.0,-0.19,0.78,-1.27,-1.76,4.06,-0.04,0.67,0.85,-1.72,0.02,1.12,4.07,-2.07,-1.5,0.9,0.35
12,Chevron Corp,0P00000185,CVX,-1.01,0.13,-1.09,-0.43,-3.61,1.34,-2.35,-0.59,-0.51,-1.22,2.89,0.29,-0.74,-2.44,-1.01,-4.74,-0.21,0.04,2.92,-2.75,0.14,-2.19,1.09,2.12,-0.55,2.05,1.95,-1.62,0.69,-1.49,-0.61,0.77,-0.84,-2.21,0.56,-1.13,3.57,-1.13,-2.25,-2.02,-3.78,2.87,1.02,3.81,-0.57,0.04,0.52,-1.37,11.6,4.62,-0.73,-2.17,2.93,7.14,-0.71,-3.17,1.72,0.07,6.11,5.04,-3.64,-0.9,-4.52,0.31,2.77,-0.08,3.88,-2.7,0.86,-1.2,3.22,-0.96,-3.26,-0.08,-0.76,-0.32,-1.38,-1.26,-2.01,1.58,-0.42,-0.5,-0.34,0.85,-1.03,0.31,2.7,3.22,0.47,0.95,0.57,1.9,-0.1,2.4,-3.56,2.63,0.92,-3.53,-0.3,-0.9,-1.69,-1.3,0.93,-4.29,1.42,0.75,2.18,0.04,0.29,2.49,-0.57,1.72,-0.54,0.58,2.02,3.0,-0.96,0.84,2.7,1.26,3.69,-0.93,-2.3,2.05,0.38,1.12,0.88,4.31,0.69,-0.23,1.71,-0.16,0.33,-1.17,-2.37,0.36,-3.62,-0.71,-0.81,-0.56,2.68,0.35,2.29,-0.52,-0.93,-1.08,0.92,-1.17,-0.89,0.59,-1.12,-0.1,-1.11,0.45,1.99,-0.82,-0.44,0.29,-1.87,1.38,-1.73,0.59,-0.03,1.16,2.45,1.6,-3.58,2.39,0.55,2.69,0.06,0.92,-0.41,-2.62,0.63,-0.64,2.62,1.22,-2.97,-2.81,0.35,0.54,1.42,-1.64,0.24,-1.07,0.76,2.76,1.34,-0.45,0.8,-0.65,0.91,-0.87,0.58,-0.46,0.06,2.16,-0.57,-2.37,-3.77,2.93,0.33,-0.12,0.82,0.15,-3.08,-0.22,0.94,1.4,-0.13,-1.96,-1.02,-0.32,1.43,0.2,-0.34,-1.89,-0.66,-2.65,-2.7,0.59,3.41,-1.0,0.04,2.11,-0.34,0.57,1.37,-0.74,-0.18,0.95,-2.24,0.93,0.71,-1.67,1.83,0.75,-0.2,-0.66,-1.02,-0.19,-2.67,-2.49,0.01,2.58,1.15,0.68,-1.31,1.46,-0.25,-1.65,-1.1,2.09,-0.23,-0.44,-0.69,-0.4,0.07,1.98,-1.81,2.12,-0.94,-0.58,-2.05,0.07,2.94,2.48,0.54,2.36,0.38,-0.03,-1.82,2.84,0.37,1.09,-0.88,0.71,2.24,-0.85,0.02,0.6,0.95,0.74,-0.05,1.95,1.31,-1.25,0.95,0.93,0.22,-1.78,0.94,1.21,0.03,-0.61,-0.72,0.44,1.08,0.36,0.74,-1.59,0.01,0.06
13,Coca-Cola Co,0P000001BW,KO,-0.83,4.21,-1.39,1.11,-2.41,0.76,-0.38,2.12,0.12,0.67,-0.51,-0.47,-0.2,-2.7,1.16,-2.92,1.02,0.04,1.15,-0.73,0.92,-0.38,0.37,0.04,-0.89,1.27,1.82,0.69,0.55,-1.7,-0.2,-0.26,0.08,-0.82,1.27,-0.52,1.38,-0.32,-1.43,0.2,-3.89,0.13,0.08,1.17,1.5,-0.36,0.55,0.02,6.31,2.68,-0.74,-1.06,0.83,0.75,-0.32,-1.99,0.99,-0.87,0.02,1.03,-0.54,-0.43,-1.31,0.85,0.13,1.29,2.03,-1.6,0.36,0.28,-0.53,0.57,-0.15,1.07,-1.45,0.4,0.88,-1.73,-0.09,0.61,0.68,1.35,-0.06,0.57,0.73,-3.79,-1.1,-3.18,-1.11,2.24,-1.72,-0.18,0.1,-1.85,-1.08,-0.39,0.35,0.55,-0.94,0.6,1.05,-1.54,1.28,-2.03,0.69,0.99,-0.39,0.49,1.31,0.54,-0.44,-0.2,1.41,0.78,-0.83,-0.28,1.28,-1.3,1.04,-0.18,0.34,-1.06,-2.35,1.86,0.4,-0.24,-0.08,1.7,1.67,-1.51,1.14,-1.09,-0.2,1.33,0.37,0.04,-1.31,0.47,0.37,0.76,0.25,0.97,1.96,1.53,-1.3,-0.83,-0.38,0.57,0.72,0.17,-0.3,0.11,0.32,-0.49,-0.02,0.47,0.66,0.6,0.31,0.81,-0.31,0.06,-1.49,-0.15,0.02,1.25,-0.52,0.93,-0.62,-0.26,1.0,-0.06,0.73,-1.07,-0.52,0.87,0.4,-0.16,-0.55,-0.31,0.89,-0.05,0.33,-0.02,0.44,0.84,-0.36,-0.02,0.4,0.25,1.08,-0.36,-0.7,-0.31,0.78,0.45,-0.34,-0.25,-1.34,0.51,-2.15,1.1,0.37,-0.81,0.5,-0.13,-0.11,-0.74,0.46,-0.28,0.41,-0.55,0.82,-0.35,0.61,0.04,0.99,2.25,0.32,-0.07,-1.19,0.18,1.29,-0.14,0.96,0.09,0.35,-0.91,0.55,-0.04,-0.26,0.07,-1.44,0.71,0.25,0.02,0.26,-0.12,0.19,0.69,0.44,-0.35,-1.36,0.64,-0.39,-0.35,-0.76,0.11,-0.95,0.2,0.95,0.23,0.67,0.14,-0.07,-1.87,1.35,-0.99,-0.45,0.83,0.07,0.34,-0.95,-1.64,-0.7,-0.02,0.15,-0.17,-0.28,-0.52,-1.81,0.61,-0.93,1.05,-0.06,0.17,1.19,0.32,0.45,0.2,0.0,0.02,0.68,-0.24,-0.99,0.39,0.89,-0.51,0.18,-0.4,0.44,1.93,0.94,0.59,-0.35,-0.12,0.34,0.55,0.42,-0.9,0.28,0.41,0.04,-0.23
14,Dow Inc,0P0001H3ZI,DOW,4.77,4.13,-1.69,0.43,-1.38,2.71,-1.08,2.36,0.48,1.96,-2.68,2.56,-1.18,-4.88,-0.23,-2.22,-0.71,-0.8,3.13,-1.92,1.03,-2.0,2.6,2.68,-1.44,0.88,2.24,-0.04,-1.58,-1.44,1.98,0.37,0.59,-0.93,1.02,-1.6,0.56,-0.59,-2.84,-1.23,-2.98,2.37,-1.64,5.12,1.9,-4.68,5.43,-1.51,8.07,2.57,-2.34,-2.24,1.82,3.77,1.02,1.51,0.07,-1.1,2.21,3.2,-2.25,-0.58,-4.31,0.98,-0.62,0.75,2.71,-3.34,2.52,0.2,-0.42,-0.79,-1.74,2.02,-0.55,0.0,3.4,-1.04,-0.74,0.15,0.07,-0.91,0.07,2.1,0.05,-2.63,3.26,4.71,0.14,-0.51,1.12,3.7,-1.65,-0.63,-3.92,0.42,1.77,-1.72,-0.1,-0.47,-2.6,-2.42,-0.02,-4.56,1.64,3.53,1.36,1.79,1.6,0.19,-1.31,1.89,0.0,0.83,1.03,-0.36,-1.67,4.92,3.46,-0.58,2.53,-2.57,-3.33,3.76,1.93,-0.77,-1.69,2.79,0.84,-1.86,2.94,0.36,0.03,-2.24,0.45,4.48,-1.95,-1.25,-0.63,-4.35,2.12,1.93,1.19,-0.14,1.11,-1.04,1.03,-0.02,0.02,-0.94,-1.25,-0.08,1.03,-0.75,1.47,0.51,0.17,-0.2,-3.21,3.75,-6.0,1.94,0.14,0.72,1.05,1.18,-2.44,3.28,2.59,2.79,1.43,0.0,-0.45,-0.23,-1.41,0.71,2.57,1.55,-1.95,-1.41,-0.42,0.84,1.05,-0.73,0.77,-0.3,-0.35,2.91,-2.07,2.41,-0.34,-1.61,0.2,-0.78,-1.23,0.01,-1.53,0.39,-2.42,-3.13,-2.46,1.82,0.62,-0.55,-0.06,0.29,-0.62,0.13,0.48,0.35,0.02,-2.49,0.52,-1.35,2.72,0.22,-0.82,-0.61,-0.66,-3.07,-3.7,1.44,1.89,1.26,-0.61,3.16,-0.1,-0.13,1.18,-0.7,-1.51,1.65,-1.99,0.02,1.64,-0.29,2.1,1.77,-0.36,-0.5,-0.58,-1.6,-0.69,-2.15,0.56,1.92,1.93,0.96,-0.34,2.72,-1.07,-1.69,-0.57,0.13,-0.8,-0.4,-1.91,-0.68,0.22,0.51,-1.76,0.92,-1.21,-2.89,-2.72,-1.16,1.39,2.01,-1.08,5.07,-0.39,-1.08,-2.14,1.77,-0.58,1.48,-3.28,2.36,0.34,-0.82,-0.84,-1.44,3.22,0.37,-0.02,0.41,1.18,-1.05,-1.45,0.53,0.0,-4.62,1.02,-1.06,2.63,1.79,0.99,-3.18,1.99,0.45,0.38,-0.05,1.57,0.64
15,Goldman Sachs Group Inc,0P000002H5,GS,0.29,2.23,-1.18,1.63,-4.01,-0.13,-1.09,0.45,0.21,-1.66,1.35,-2.92,0.02,-0.44,-1.23,-2.87,4.83,-0.08,2.11,-1.15,2.12,-1.2,0.68,0.95,-0.35,1.25,2.15,-0.21,3.17,-1.55,0.2,-1.25,-1.15,-0.25,1.14,-2.46,1.23,-0.18,-1.9,-2.71,-3.02,0.09,-0.47,0.61,4.06,-0.03,2.57,-0.84,6.79,1.18,0.27,-1.62,2.13,1.51,1.02,-0.16,0.12,-0.54,2.45,3.79,-0.4,-0.48,-2.05,1.19,2.4,-0.92,1.75,-0.47,0.16,1.67,0.65,-1.8,-0.92,1.95,0.55,0.27,-0.94,6.13,-2.68,2.54,-0.11,1.34,-0.61,0.56,1.64,0.49,2.24,5.4,2.14,-0.54,1.29,2.85,0.24,1.63,-2.23,-2.26,-1.27,-0.38,0.01,-2.19,-0.45,-2.99,0.62,-1.4,1.31,4.46,0.55,1.8,-0.09,2.27,0.1,1.27,-0.64,1.32,1.84,0.25,-0.91,1.85,0.4,0.74,3.58,-0.87,-2.53,3.66,0.31,1.05,-1.54,-0.58,2.08,-1.08,3.46,0.02,1.96,-0.79,-1.25,0.95,0.88,-1.09,-1.41,-2.23,-0.94,0.58,-0.96,-0.51,1.93,-1.51,0.2,-1.25,1.09,-0.16,1.41,-0.1,0.31,-1.25,2.34,0.95,1.11,0.23,-3.27,1.02,-1.32,2.57,1.23,0.91,0.43,1.4,-1.28,0.49,-0.09,2.22,2.33,1.34,-0.6,-2.38,-1.53,1.24,2.78,0.13,-1.27,-1.7,0.39,1.8,0.55,-1.03,0.79,1.08,0.51,2.8,0.26,1.38,0.7,-0.84,-0.89,-0.5,-2.31,1.1,-1.36,-0.43,-0.08,-2.56,-3.5,2.5,0.0,0.98,2.13,0.01,-0.02,1.06,1.85,-1.2,-0.22,-1.15,-0.59,-2.37,3.57,2.35,-1.19,-0.42,-0.28,-2.29,-2.76,2.83,2.4,-0.21,0.36,0.49,-0.28,-0.16,0.89,-0.71,0.88,0.57,-0.66,1.7,3.54,0.5,2.02,1.45,0.27,-1.02,-0.59,-0.83,-1.52,-1.31,0.58,1.41,1.77,1.12,-0.17,1.77,-1.45,0.46,0.04,0.2,-0.77,-0.24,-1.3,-0.1,-0.27,1.43,-1.36,-0.43,-1.31,-1.32,-3.41,-0.61,2.56,1.66,-0.26,2.29,-2.58,-1.18,-1.78,0.52,-1.54,3.12,0.58,0.66,0.56,-1.93,0.33,-0.06,1.27,3.8,1.88,-0.37,-1.04,-0.07,1.65,0.1,0.69,-1.59,0.93,-0.35,0.81,1.72,-1.4,-2.35,-0.24,0.31,-0.73,-1.54,0.81,0.64
16,The Home Depot Inc,0P000002OY,HD,0.32,0.97,-4.38,-1.81,-0.15,2.89,-1.57,1.33,1.56,1.76,-1.38,-0.59,-1.7,-1.03,0.35,-2.47,-0.32,1.07,1.41,-0.08,2.06,-0.03,0.61,1.0,-2.0,2.29,0.61,0.49,0.35,1.2,-1.13,0.16,0.04,-1.37,0.81,-0.53,-1.18,0.65,-2.46,0.29,-2.57,-0.03,-1.08,1.51,2.45,1.93,1.11,-0.56,-5.02,2.07,0.79,-0.54,0.34,0.87,-2.54,-0.97,0.41,-0.41,0.59,0.7,0.24,0.74,0.51,-0.29,-1.45,-1.09,-1.55,-0.51,-0.35,1.47,-0.29,-0.1,0.39,0.9,0.6,1.62,-1.28,0.2,-0.35,-0.09,0.41,-0.62,-1.14,-0.35,0.14,-0.64,0.81,0.57,-0.49,1.06,0.8,1.88,-0.83,-2.08,2.7,-0.87,0.41,1.73,1.77,0.38,-0.87,-3.03,1.46,-2.6,-0.28,0.77,0.74,1.7,0.01,0.42,-1.16,0.69,-0.58,0.16,-0.76,2.01,0.76,-1.2,-1.36,-3.12,-2.72,-1.82,1.21,1.27,-0.51,-1.13,-2.5,1.03,2.17,2.29,1.11,0.98,1.58,1.99,1.27,-0.73,1.12,2.1,-0.06,0.36,0.96,1.51,2.23,-0.53,0.87,0.14,0.82,2.49,-0.51,-0.42,0.63,1.53,0.49,-0.12,-0.12,0.85,1.65,-0.37,-0.88,0.61,-1.38,0.76,-1.2,0.19,-0.27,1.76,-0.51,2.04,0.76,-0.22,1.67,0.49,0.55,-3.07,-4.13,2.66,-0.55,-1.12,-1.02,-0.73,0.46,-0.04,-0.29,0.61,0.18,0.45,0.04,-0.82,-0.45,-0.57,-0.13,-0.34,0.3,-1.15,0.32,0.8,-0.47,-0.93,-1.2,0.11,-0.17,1.65,1.66,-0.33,0.05,0.57,0.21,1.26,0.2,0.83,0.36,-1.07,1.32,-1.53,1.11,-0.11,-1.46,0.68,1.09,-0.36,-0.83,2.03,0.31,0.09,1.89,-0.5,-1.18,-0.53,0.59,0.23,-0.3,1.44,-0.49,0.85,-0.98,-0.33,0.83,1.67,-0.88,-0.81,1.13,-4.27,0.25,0.42,1.96,-0.46,-0.87,-0.31,-0.74,0.59,1.15,-0.28,-0.27,1.27,0.79,-0.42,0.8,0.06,0.05,1.05,-0.69,0.08,0.91,-0.21,-1.33,0.91,0.51,-0.01,0.47,1.16,-2.23,0.94,-2.57,0.49,-1.03,0.92,0.27,2.16,-0.93,0.79,0.25,0.14,1.71,1.85,1.31,0.84,0.07,1.78,0.38,1.44,-0.55,0.85,-0.2,0.05,-1.41,0.22,0.46,0.87,-1.02,0.05,0.56,-0.56,-0.26,1.36
17,International Business Machines Corp,0P000002RH,IBM,0.07,3.87,-2.91,-1.73,-0.89,0.87,-1.39,0.75,0.52,0.29,1.45,0.56,-1.73,-2.04,0.22,-1.39,-0.62,0.73,2.34,-0.65,0.6,-0.48,-0.43,1.19,-0.03,1.72,5.98,-2.81,-0.45,-1.66,0.67,-0.83,0.83,-0.33,-6.49,-1.97,0.61,0.21,-3.26,-1.48,-3.54,2.12,2.53,1.12,1.11,-1.98,2.56,-0.64,2.74,2.06,-0.6,-2.3,2.05,1.29,-0.56,-0.79,0.35,-0.2,2.69,3.61,-0.18,0.12,-0.67,-0.29,1.19,-0.81,2.9,-1.97,0.81,0.86,-1.44,-0.55,-0.6,1.94,-0.3,0.0,0.24,-1.95,0.18,0.23,0.64,0.1,-0.82,0.44,1.24,-1.54,1.78,2.5,-0.23,-0.36,0.04,0.49,-1.77,1.62,-0.45,0.49,0.82,1.21,-9.91,-0.03,3.3,-0.02,-1.95,-0.81,1.2,-0.91,-0.27,1.6,0.64,1.49,0.1,0.11,-1.09,-0.09,-0.6,-0.08,0.63,-1.44,1.57,-0.12,2.07,-0.6,-2.89,1.52,-0.34,1.69,-1.84,2.26,1.61,-0.5,2.97,-0.57,0.37,0.76,-0.26,0.62,0.8,-0.89,1.28,-0.07,0.12,1.88,2.49,-0.38,-0.84,-1.08,-0.02,2.03,-1.26,0.53,0.14,0.45,-0.84,-2.53,1.11,-0.04,0.76,-0.35,3.79,3.9,-1.58,0.81,-0.6,0.31,0.7,0.87,-1.64,2.02,0.69,-0.36,2.2,-0.89,0.49,-1.33,-2.02,2.03,0.35,0.3,-0.83,-0.5,0.48,0.6,-0.01,-0.64,-0.29,0.31,-0.06,0.31,1.06,-0.12,1.28,0.41,0.71,1.07,-0.09,0.49,-0.83,-0.45,-1.02,-1.51,-1.7,2.47,-0.2,-1.2,0.57,0.96,-1.06,0.18,0.71,0.17,-4.64,-0.89,0.75,0.66,0.55,-0.42,-0.45,-0.33,0.45,-1.1,-0.71,1.49,0.95,-0.42,0.45,1.01,-0.01,-0.69,0.11,-0.68,0.33,1.87,-0.91,0.01,0.92,-0.83,0.09,0.53,0.66,0.08,0.29,-0.81,-2.07,-1.04,0.79,0.37,0.16,0.01,-0.77,0.45,-0.32,0.99,-0.74,0.51,-0.31,-1.09,0.44,-0.67,-0.52,0.82,-1.4,0.72,-0.56,-0.88,-0.68,-1.0,1.25,1.56,0.56,0.78,-0.79,1.24,-0.18,3.16,0.55,-0.67,-0.55,-0.39,0.99,-0.55,-1.38,0.21,1.87,0.85,-1.58,-0.24,-0.06,-9.56,-0.35,-0.19,-0.4,-1.54,0.54,-0.59,0.94,-0.08,0.75,0.0,2.28,0.75,-1.65,-0.52,0.04,-1.09
18,Johnson & Johnson,0P0000032S,JNJ,-1.23,1.52,-2.78,-0.64,-0.9,1.66,-1.86,0.59,0.39,0.36,-0.33,-0.83,1.37,-2.73,-0.61,0.16,0.16,0.68,1.0,-0.03,1.24,-1.05,-0.73,1.36,-1.33,1.11,0.68,1.4,0.58,-2.29,-0.18,-0.61,0.62,-2.55,0.16,-0.43,0.8,0.11,-0.87,-0.57,-3.35,-0.85,-0.06,1.15,-0.14,0.65,0.26,1.78,2.69,1.51,-0.32,0.34,1.08,0.63,-0.99,-1.33,-0.16,-0.53,-1.01,0.0,-0.13,0.22,0.47,1.91,0.47,0.58,0.85,-0.87,1.73,1.02,-0.56,0.46,-2.54,1.01,-0.6,2.64,0.58,-0.96,-0.2,-0.51,0.35,0.47,0.62,1.24,0.85,-0.56,1.18,0.94,0.34,-0.21,-0.42,-0.78,-0.15,1.75,-0.22,1.55,-0.25,-0.4,1.13,1.49,2.71,-1.53,0.76,-3.56,-0.26,-0.9,-0.47,0.93,1.52,0.29,0.82,0.32,-0.45,0.31,-0.91,0.36,0.05,-1.67,-0.06,-0.88,1.34,0.1,-2.64,0.54,-0.19,-1.76,-2.02,1.98,0.83,0.19,0.92,-0.01,0.29,0.51,0.59,-0.37,-0.19,-0.27,0.29,-0.09,0.97,0.04,1.83,0.67,-0.62,-0.4,-0.92,0.37,-0.02,0.13,-0.39,-1.06,0.24,-1.34,0.28,0.29,1.15,0.28,2.33,0.07,-0.85,0.21,-0.85,-0.57,-0.74,1.37,-0.9,1.52,1.55,-0.42,0.4,0.45,1.05,-0.82,-0.4,1.05,0.15,0.1,0.04,-0.22,0.58,-0.06,0.38,-0.28,-0.59,-0.15,0.26,-2.2,0.4,-0.1,-0.04,-0.68,-0.88,1.35,0.9,-1.27,0.25,-0.53,-0.04,0.48,-1.96,1.15,-0.13,-0.61,0.46,0.51,-0.12,0.01,0.43,0.74,1.82,-0.6,0.86,-0.19,0.4,-0.16,-0.12,0.68,-1.2,-0.16,-0.73,0.94,0.62,0.29,1.06,0.05,0.46,-0.28,0.0,0.01,0.04,1.23,-0.59,0.19,-0.33,0.35,0.03,0.02,0.81,0.6,0.9,0.92,-1.27,0.78,0.49,-0.43,-1.25,-0.66,-0.53,-0.21,0.42,-0.31,0.35,0.68,0.06,-1.55,-0.24,-2.23,-0.65,-0.7,-0.6,0.38,-0.12,-0.28,-0.57,0.44,-0.36,0.57,-0.3,-0.72,-0.22,0.74,-1.54,-0.64,-0.78,0.23,0.21,0.89,-0.25,-0.42,-1.6,0.96,0.57,0.74,-0.73,2.34,-0.05,-0.23,0.2,0.22,1.02,-1.21,-0.54,0.02,0.09,1.58,-0.32,-0.28,-0.71,-0.34,-0.22,1.08,-0.74,1.2
19,JPMorgan Chase & Co,0P0000031C,JPM,-0.05,1.51,-0.31,2.16,-3.48,0.95,-1.03,1.24,1.39,-3.11,0.42,-1.14,-0.21,-3.09,-1.09,-1.62,-0.09,0.87,2.88,-0.84,0.96,0.73,0.95,2.09,-1.03,1.74,2.06,-0.57,1.23,-1.62,-0.56,1.5,-0.21,-1.68,0.57,-1.0,3.53,0.9,-2.48,-1.89,-2.81,0.65,0.9,2.25,3.15,-3.06,4.09,-1.33,13.54,-0.33,-1.49,-1.23,0.63,2.82,-1.01,-0.74,0.27,-0.86,2.88,4.62,-1.05,-0.66,-2.76,1.58,1.92,-0.66,0.91,-0.38,0.1,-0.78,-0.64,-0.59,-1.05,1.71,0.29,-0.83,-0.49,3.75,-1.52,2.79,-0.44,0.66,-0.26,0.28,1.36,-0.94,0.54,4.7,3.28,0.11,1.49,1.57,0.09,0.58,-1.79,-0.43,-1.5,-0.84,-0.77,-1.25,-0.41,-2.83,1.76,-1.11,0.74,3.08,1.15,2.3,-0.2,1.57,-0.4,0.06,-0.28,1.42,2.41,0.31,0.34,1.67,0.94,0.8,1.76,-1.36,-2.65,2.26,-0.33,1.93,-1.54,0.23,1.33,-0.71,2.17,-0.52,1.19,-0.5,-1.2,1.03,1.65,-1.59,-2.69,-1.0,0.78,1.28,1.67,-1.55,1.18,-1.46,0.97,0.53,-0.7,1.57,0.12,0.75,-0.21,-1.19,-1.87,0.63,0.74,-0.42,-2.21,0.85,-2.11,1.91,0.25,0.46,0.65,1.94,-0.89,-0.29,1.38,1.31,2.01,0.34,-0.01,-1.66,-0.69,2.57,1.55,0.4,-1.41,-0.76,-0.17,1.14,0.54,-1.03,-0.01,1.56,-0.07,1.1,0.01,0.07,0.16,-0.47,-0.4,-1.25,-1.56,-0.07,-1.7,-1.52,0.7,-2.89,-2.53,1.7,-0.15,0.61,0.92,1.01,0.18,-0.12,0.91,0.99,-0.1,-1.68,0.12,-1.73,3.2,1.43,-1.49,-0.34,0.22,-2.28,-3.25,1.86,2.1,-1.26,-0.19,0.67,-0.13,0.17,0.86,-0.8,-0.4,1.14,-1.08,1.26,2.84,-0.11,1.23,1.19,0.39,-1.12,-0.66,-1.21,-0.91,-0.84,0.29,1.28,0.62,2.06,0.52,0.8,-1.6,-0.31,-0.14,0.46,-0.6,-0.18,-0.45,0.44,-1.15,1.59,-1.75,0.69,-0.04,-0.26,-2.99,0.01,1.92,3.38,1.15,2.42,-0.54,-0.08,-1.36,2.1,-0.11,1.62,0.21,0.63,0.08,-2.1,-0.77,-2.64,1.53,1.92,-0.04,1.21,1.35,-0.78,1.35,-0.49,0.27,-2.08,1.51,-0.28,-0.05,0.39,0.04,-1.31,-0.14,0.6,-0.76,-0.1,-0.01,-0.45
20,McDonald's Corp,0P000003IJ,MCD,-0.39,1.66,-1.12,-0.97,0.87,1.0,0.71,0.35,1.17,0.82,1.1,-0.99,-1.04,-1.75,0.0,-0.67,0.53,0.95,0.95,-0.72,0.37,0.05,1.4,1.53,-0.88,1.07,-0.3,-0.43,0.57,0.55,0.12,0.89,-0.12,-1.47,0.64,0.33,0.42,-0.19,-1.94,-0.58,-3.71,0.12,-0.91,-0.21,1.99,-0.89,0.67,0.12,-1.54,0.05,2.2,-2.27,0.1,1.62,-0.33,-0.23,-0.19,-0.47,1.36,1.25,-0.17,-0.46,0.18,-0.6,-2.44,0.31,-0.36,-0.88,-0.24,0.14,-0.31,-0.13,2.0,1.39,-0.49,0.21,0.39,-1.59,0.12,0.05,-0.3,1.24,-0.61,-0.54,1.43,-2.03,0.6,-0.23,0.46,1.84,-0.76,-1.23,0.23,-1.69,0.68,-0.39,2.17,-0.05,-0.07,-0.02,0.96,-3.89,-0.09,0.49,0.04,0.88,-0.5,1.11,0.73,-0.47,2.08,-0.73,-0.06,-0.17,0.53,-0.73,0.93,-1.48,-0.08,-0.35,0.92,-1.09,-1.67,1.02,0.2,-1.37,-0.48,1.24,0.84,-0.27,2.28,-0.82,0.36,3.82,-0.27,1.93,-0.54,-0.21,1.18,-0.31,-0.14,0.07,0.45,0.95,-1.04,-0.37,0.48,1.62,1.34,0.3,-1.01,0.53,-0.22,0.16,-0.44,0.42,0.78,-0.54,0.52,-0.32,0.3,0.7,-0.97,1.15,-1.09,1.2,0.37,-0.22,-0.72,0.5,-0.08,-0.01,0.97,-1.37,-2.53,0.8,0.85,-0.02,0.11,-0.77,0.88,-0.4,0.29,0.1,0.09,1.08,0.14,-0.28,0.23,-0.57,0.4,-0.72,0.41,-0.5,1.35,1.0,0.02,-0.27,-0.33,-0.72,-1.82,1.43,0.42,-0.27,0.04,-0.39,-0.57,-0.31,0.27,0.55,0.59,-0.38,0.81,-0.76,1.22,-0.03,0.24,0.41,-0.11,-0.9,-2.34,2.19,0.71,1.16,1.8,0.42,0.97,-1.86,0.93,-0.54,-1.08,-1.31,-0.89,0.68,-0.07,-0.67,-0.52,0.9,0.48,0.91,0.9,-0.29,-0.92,-0.36,0.53,0.49,-0.51,0.17,-0.79,0.22,-0.37,0.91,0.29,0.72,-0.44,-1.1,1.03,0.0,0.24,0.85,-0.03,-0.06,0.93,-0.3,-1.4,0.59,1.09,0.68,0.67,0.69,-1.75,0.21,-1.3,0.75,0.06,0.88,0.77,0.49,-0.25,-0.45,-0.84,-0.76,0.78,-0.94,0.0,0.21,-1.26,0.7,-1.23,-0.46,-0.39,2.67,1.14,0.02,2.05,-0.53,0.47,1.22,0.49,-0.63,-0.18,0.19,-1.17,0.2
21,Merck & Co Inc,0P000003KE,MRK,-0.99,2.96,-1.66,-0.29,-2.24,1.86,-1.54,1.09,0.34,0.06,1.62,0.08,0.2,-3.12,-0.23,-0.37,0.63,-0.26,-0.2,-1.04,1.28,-1.58,-1.03,0.54,-1.98,0.51,0.55,-0.15,0.0,0.44,-0.25,-1.8,0.97,-1.45,-0.51,-0.26,1.46,0.78,-1.24,-1.08,-2.32,-0.38,-0.9,1.99,0.27,4.81,-0.2,-0.12,0.17,0.76,-0.06,-1.48,1.54,-1.12,1.65,-1.53,0.17,0.07,-0.21,-0.17,-0.1,-0.25,0.66,1.44,0.34,-0.46,0.6,0.7,0.81,0.35,-0.58,-0.04,-2.4,0.2,-0.81,-0.01,-0.36,-0.3,0.16,0.43,0.48,0.39,1.21,-1.02,1.5,-1.03,0.17,1.58,1.99,-1.18,2.37,-2.25,-0.9,-0.21,1.47,-0.23,-0.88,-1.55,-0.25,0.21,-1.11,-3.96,1.1,-1.09,0.38,0.53,-0.58,-1.67,-0.3,-1.0,0.0,-0.2,-0.2,0.35,-1.0,1.74,-0.17,-1.46,0.83,-0.52,0.04,0.07,-2.68,-0.33,0.65,0.62,-1.54,1.33,1.42,-0.04,0.84,-0.17,0.83,2.18,0.76,0.64,-0.04,0.31,0.0,-1.6,-0.04,-0.22,1.74,1.18,-1.71,0.17,0.0,-0.12,-1.57,0.44,-0.83,1.09,-0.12,0.28,-0.04,0.34,1.06,0.25,1.17,0.84,-1.6,-0.1,-0.45,-0.22,-0.35,-4.42,1.11,1.99,0.01,2.25,0.1,0.81,-0.31,-0.91,0.7,0.88,-0.51,2.02,-0.61,-0.03,0.38,-0.6,-0.19,-1.94,-0.35,-1.7,-0.04,-0.94,0.92,0.0,0.27,-1.77,-0.55,2.27,2.84,0.17,-0.22,0.33,1.2,0.81,-0.8,0.18,-0.73,-0.8,1.03,1.1,-0.44,0.46,0.73,0.28,0.78,-0.62,0.58,-0.56,-0.17,-0.56,0.08,0.01,0.36,0.15,-1.24,-1.14,0.29,0.18,1.32,-0.39,0.79,0.62,-1.79,-0.08,-0.9,0.3,-1.22,0.15,-0.2,-0.16,-0.17,0.03,1.1,0.89,1.58,1.15,-1.32,0.86,0.28,-0.38,-0.84,-0.84,-0.65,-0.35,0.26,-0.27,-0.14,1.23,0.18,-1.66,-0.82,-2.04,-0.5,-0.37,-0.57,0.97,-1.15,-0.4,0.35,0.06,0.1,1.4,0.77,-0.34,-0.05,2.41,0.03,8.37,2.09,-1.81,-1.15,1.59,-1.6,-0.87,-0.43,-0.8,-0.79,0.0,-1.51,3.03,1.99,0.12,-0.02,0.63,0.72,-0.86,6.14,1.73,-0.24,1.34,-0.38,2.1,-9.86,1.31,0.05,1.56,0.01,-0.02
22,Nike Inc Class B,0P000003X1,NKE,2.64,1.71,-3.38,-0.4,0.28,1.93,-0.1,2.8,1.08,-0.01,-0.57,-1.88,-1.46,-1.13,3.09,8.76,-1.86,-0.42,0.07,1.63,-0.64,0.88,0.0,1.0,-0.2,1.89,-0.27,0.98,-1.16,-0.2,-1.19,1.05,-0.78,-0.45,0.83,0.73,0.46,-0.02,-1.25,-0.3,-4.62,0.64,-2.26,1.92,1.8,2.21,1.85,-0.62,0.04,-0.96,-0.04,-0.8,1.3,1.43,1.61,-0.44,0.21,0.81,0.86,0.42,0.62,-0.95,0.34,0.55,0.1,1.02,0.37,1.14,0.27,-0.24,-0.87,-0.12,-0.82,2.28,-0.75,1.56,-2.29,4.91,-1.09,-0.48,-0.11,0.59,-0.6,0.01,-0.08,-0.97,0.81,0.79,1.83,0.97,0.48,-1.36,-1.39,-1.22,-0.41,-1.03,2.53,-0.83,-1.6,-1.29,-1.78,-3.02,2.82,-0.84,1.59,2.86,-0.69,1.44,3.19,-1.17,-1.13,0.47,0.76,-0.99,-0.29,1.61,0.76,-2.12,-3.77,-0.4,-0.35,-0.08,-0.36,2.13,-0.46,-2.01,-1.65,0.99,0.91,1.03,1.21,2.62,-0.52,3.2,-0.2,0.12,-1.14,-3.97,0.57,-0.83,-2.89,-3.39,3.38,0.38,-0.4,-0.05,-0.27,1.95,1.51,-0.45,-2.09,1.32,0.88,-2.27,-0.96,1.07,0.48,-1.3,-4.12,2.19,-0.55,0.78,1.08,0.39,-1.06,1.95,-0.48,0.31,-1.11,0.5,0.97,3.24,-1.02,0.53,-2.72,0.16,1.74,0.35,-0.62,-1.92,0.23,-0.46,1.06,0.19,1.91,-0.24,0.13,-1.43,-0.25,0.0,-0.32,0.16,-0.45,-1.13,-0.65,0.73,-0.44,-0.81,0.08,-1.13,-0.4,1.3,1.85,0.47,0.38,15.53,-1.29,2.36,-0.94,2.27,1.1,0.23,0.03,0.29,0.23,0.51,-0.14,-0.03,0.09,-1.14,-1.24,1.18,0.84,1.61,1.64,-0.76,-0.31,0.54,0.92,0.31,0.74,1.47,0.4,1.13,-0.6,-0.6,0.29,-0.58,-0.37,0.62,0.39,-0.99,-1.08,-1.91,1.33,1.15,0.15,-0.08,-1.72,0.56,0.27,-1.96,-0.11,-0.54,-0.23,-0.4,-1.19,1.64,0.15,-2.49,-0.48,-0.54,-0.2,-0.75,-1.39,0.5,1.56,1.36,-6.26,-1.04,-1.85,0.5,-0.54,1.26,0.05,1.58,-0.44,2.05,0.41,-1.44,2.04,1.92,0.54,0.55,0.9,-1.01,0.4,2.35,0.8,0.45,-0.26,-0.88,1.3,1.72,-0.57,0.9,2.78,1.7,1.18,-3.19,1.15,-3.2,-0.77,1.27
23,Procter & Gamble Co,0P000004GV,PG,-0.11,1.69,-1.6,-0.22,-1.46,1.63,-1.05,1.05,0.35,0.0,-0.67,-0.13,-0.11,-0.48,0.91,-1.2,0.45,0.51,0.28,-0.54,1.26,0.18,-0.8,0.92,0.16,0.78,0.68,0.9,1.1,-0.19,-0.12,-0.15,0.39,-1.72,0.4,0.54,-0.7,0.66,-0.76,0.75,-3.3,-0.07,-0.34,1.02,1.96,-0.41,1.24,0.6,-3.66,1.65,1.29,0.06,1.5,-1.28,-0.39,-1.54,-0.12,-0.16,-0.39,-0.32,0.27,-0.05,0.19,0.36,-0.72,-0.74,0.09,0.15,0.27,-1.19,-0.66,0.74,-0.48,0.59,0.45,0.71,0.57,-1.09,-0.71,-0.15,1.01,0.7,-0.19,-0.47,0.99,-0.95,0.64,1.05,-0.93,-0.04,-0.68,-0.58,0.15,-1.06,-0.75,-0.88,-1.25,-0.1,-0.77,1.72,0.64,-3.54,1.54,-1.65,0.59,-0.14,0.12,0.06,0.42,-0.31,-0.39,-0.35,0.09,-0.55,0.24,0.42,0.83,-1.86,-0.42,0.74,0.11,-0.85,-2.41,0.62,-0.31,-0.6,-0.82,3.14,1.06,-0.89,0.92,-0.34,0.97,0.33,0.3,-0.4,0.22,-0.54,1.7,1.86,-0.03,0.69,1.48,1.57,-1.54,-0.01,-0.85,1.62,0.04,0.18,0.38,-0.65,0.4,-1.32,0.36,1.21,0.01,-0.47,0.83,-0.65,-0.99,-0.51,-2.0,-0.06,0.17,0.84,0.69,1.18,-0.34,-0.8,1.26,0.01,1.86,-0.49,-1.06,1.61,0.21,-0.2,-1.02,0.21,1.02,0.0,-0.03,0.34,-0.22,-2.27,-0.1,-1.46,0.44,1.79,0.07,0.35,-1.16,-0.04,0.74,-0.68,0.04,-0.19,-1.39,0.91,-1.46,0.79,0.04,-0.14,0.07,1.43,0.3,-0.68,0.39,0.23,0.49,0.06,0.75,-0.01,0.04,0.08,-0.12,0.74,0.86,0.97,-0.05,-0.53,-0.35,-0.38,1.44,0.35,0.41,-1.48,0.52,1.97,-0.25,1.46,-1.06,0.05,-0.76,0.54,0.06,0.25,0.23,0.48,0.7,0.17,-1.09,1.18,0.07,-0.51,-0.81,-0.36,-0.18,-0.08,0.44,-0.38,1.02,0.08,0.07,-0.37,0.76,-0.42,0.1,1.08,-0.17,-0.21,-0.7,0.16,-1.0,0.15,0.34,0.41,-0.44,-1.32,-0.76,1.02,-1.56,-0.16,-0.57,0.39,1.33,0.8,-0.41,0.42,-0.15,0.23,1.13,0.26,-1.44,-1.18,0.39,-0.72,1.08,0.01,1.42,-0.71,0.6,0.22,-0.24,1.0,0.69,0.19,0.5,-0.75,0.3,0.98,-0.29,0.11
24,Salesforce.com Inc,0P000004T1,CRM,3.15,-1.62,-4.22,-3.89,-5.27,3.8,-1.05,-1.9,1.46,2.04,-0.43,-2.42,-0.72,0.94,1.11,-4.76,0.66,2.18,1.62,0.32,1.56,0.85,-2.21,1.48,-0.55,3.93,0.09,2.21,0.41,-0.09,-1.87,-1.57,0.32,-1.37,0.38,-0.68,-1.79,0.34,-3.41,3.44,-4.74,-0.54,-2.05,0.08,2.01,5.74,3.78,-0.03,-0.33,-4.48,2.63,-1.87,0.04,0.15,2.51,0.39,2.91,-2.5,-0.16,1.24,-5.37,0.33,-0.74,-1.81,-8.52,0.09,2.21,0.81,0.07,-3.2,1.07,-0.22,-0.52,-0.51,1.58,1.03,0.67,-0.42,2.08,-1.62,-0.73,-0.5,-0.97,-0.03,0.06,-1.0,0.55,-2.42,0.85,1.86,-1.71,-1.25,1.23,-1.18,-1.14,1.7,3.08,-0.57,1.62,0.07,0.15,-0.65,0.77,-0.42,1.29,2.51,0.26,1.35,0.38,0.02,-0.93,0.01,1.91,-0.36,3.42,-0.37,-0.26,-0.18,-2.28,-2.2,2.05,-3.9,-6.31,0.48,-1.87,-3.5,-0.33,2.64,-1.44,1.83,0.2,1.88,-1.73,0.28,0.79,-0.63,-1.71,1.3,1.4,-0.08,-2.54,-1.95,1.78,0.8,-0.37,0.89,3.23,0.72,0.36,-0.14,1.66,3.04,-1.09,1.42,-1.72,2.18,-0.47,-0.61,-1.1,1.14,0.34,0.93,0.84,-0.53,1.14,-1.06,-1.72,-2.85,-2.94,-0.82,1.23,-0.71,-1.21,0.78,-2.33,0.63,2.74,-1.19,-0.34,3.27,1.1,-0.54,1.98,0.32,0.87,-1.68,5.43,-0.8,-0.67,-1.61,2.88,0.28,-0.72,-0.14,1.74,0.05,2.48,-1.49,-0.08,0.84,-0.68,0.7,-0.56,-0.52,0.8,-0.78,1.12,0.51,-0.63,0.29,1.31,0.83,-0.72,-1.06,-0.3,-0.88,0.46,-0.65,-2.0,0.36,-0.37,1.08,0.83,2.55,-0.01,-0.26,-1.65,0.18,0.03,-0.86,-0.44,0.11,1.26,2.62,0.01,-0.51,-2.38,-0.46,2.52,1.28,-0.94,-0.89,1.71,0.74,1.21,1.71,-0.33,0.46,2.66,-0.47,-0.59,0.11,1.15,-1.55,1.11,-0.7,-0.98,-0.72,-1.36,-1.2,0.1,0.7,1.64,0.07,-0.89,-0.1,0.47,7.21,2.8,-2.08,-2.65,-0.65,0.27,1.49,-1.6,0.34,1.29,-0.25,-0.76,0.47,1.92,1.94,1.97,0.57,0.01,0.22,-0.77,-0.1,0.95,0.46,0.4,0.01,1.09,0.44,1.02,0.06,-0.02,1.7,-0.26,0.88,-0.08,-3.24,1.1,1.21
25,The Travelers Companies Inc,0P0000053I,TRV,-1.16,2.43,-1.81,1.06,-2.43,0.65,-1.61,1.43,0.93,-2.02,0.91,-0.5,-0.88,-1.94,-0.18,-1.61,0.31,0.27,1.95,-2.52,0.7,-0.35,0.71,3.07,-0.34,2.04,1.6,0.18,0.61,-3.13,-0.76,0.54,0.6,-1.31,5.61,5.83,0.91,-0.13,-3.52,-2.02,2.02,0.79,-1.43,2.66,1.95,-2.33,3.33,-0.4,5.73,1.55,-1.03,-1.9,1.68,1.23,-0.92,-0.5,-0.37,0.51,0.06,1.31,-0.27,-1.16,-3.56,2.9,0.47,0.78,0.79,-1.66,1.02,0.37,1.33,-1.29,-0.71,2.44,0.13,0.43,0.6,-0.51,-1.21,1.08,0.39,0.51,-0.6,0.53,0.93,-3.36,-0.83,3.4,-0.02,0.42,-1.59,2.18,1.3,0.05,0.65,0.19,1.05,2.55,-1.94,0.36,-1.81,-2.93,0.36,-2.64,1.4,1.17,-0.84,3.8,0.63,0.94,0.66,-0.84,0.28,-0.26,1.0,0.7,-0.51,-1.21,1.34,0.99,1.09,-1.96,-1.69,3.36,-0.84,1.07,-1.12,2.24,2.22,-0.69,1.01,-0.19,1.41,0.04,-0.55,0.93,-0.69,-4.8,-1.15,-0.4,1.55,2.34,0.56,0.14,0.12,-2.36,0.15,0.94,-0.18,0.36,-1.27,0.86,0.13,0.24,2.12,-0.69,1.03,-1.01,0.87,1.06,-0.96,1.26,-1.34,-0.34,-0.91,1.24,-0.67,1.25,1.24,0.48,0.76,0.19,0.53,-3.08,-1.88,2.61,1.74,-0.16,-1.85,-0.18,1.15,0.17,-0.22,-1.37,0.38,1.41,0.22,0.75,-0.43,0.5,-0.62,-1.4,-0.14,-1.22,-0.47,0.3,-0.8,0.89,-1.18,-2.57,-2.76,2.69,-0.24,-0.27,1.4,1.17,-1.5,0.05,0.13,1.42,-0.4,-0.26,0.89,-2.41,3.24,0.5,-0.71,1.01,0.68,0.52,-3.28,-0.11,0.5,-2.69,0.07,0.64,0.38,-1.71,1.4,0.03,0.02,0.97,-0.58,0.71,1.49,0.36,0.55,1.29,0.18,-0.12,0.91,0.74,-0.11,0.48,0.85,-0.58,0.46,1.21,-1.61,1.33,-1.63,0.17,-0.27,0.43,-0.5,-0.86,0.6,0.06,-1.01,1.62,-1.6,0.79,-0.58,-0.24,-2.32,0.2,0.92,1.06,0.28,-0.11,-1.79,0.91,-1.85,0.27,-0.68,1.47,0.97,1.39,0.06,-0.7,0.16,-0.06,0.19,-0.67,-1.77,1.64,2.12,0.95,1.36,-0.49,-0.71,-0.41,1.12,-0.43,-0.48,-0.81,0.9,-2.34,1.98,-0.56,-0.82,0.52,-0.25,-0.26
26,UnitedHealth Group Inc,0P000005NU,UNH,0.09,2.37,-1.25,-1.34,-1.52,1.55,-2.38,-0.61,2.35,-0.43,-0.23,-0.5,1.0,-2.87,-1.65,-0.72,0.18,3.36,0.24,0.3,2.51,0.42,-0.35,1.98,-1.16,2.77,-0.24,1.68,0.65,0.44,-2.89,0.85,1.64,-1.72,-0.25,-0.19,0.91,1.5,-2.28,-0.79,-3.9,-1.4,0.48,2.28,2.96,10.33,-0.05,-1.96,0.73,1.05,-0.56,0.77,0.36,0.32,-1.32,-2.16,-2.18,-0.68,0.11,0.28,-0.84,1.43,-0.47,1.44,1.87,0.32,0.71,-0.58,0.0,-0.99,-1.38,-0.76,-0.28,1.05,-0.1,0.69,-0.96,-0.68,-0.32,0.77,0.95,1.51,0.4,-0.68,1.65,-0.34,-1.34,4.2,1.6,-0.45,-0.73,-0.94,-0.65,-1.27,0.22,0.25,-0.38,1.19,-2.1,0.07,-1.35,-2.95,1.55,-1.35,0.13,1.41,-0.25,-2.54,-1.46,-0.05,1.63,1.14,-0.1,-1.45,-1.1,0.69,0.47,-1.17,0.94,0.57,0.82,-1.01,1.02,0.73,0.0,-0.53,0.28,3.98,0.88,0.52,-0.68,1.0,1.18,-0.6,0.2,-0.68,2.8,0.98,0.35,0.45,0.57,0.13,1.45,0.69,-1.45,-0.4,-1.34,0.85,-1.57,0.35,-0.21,3.13,-0.01,-0.47,0.3,3.83,0.26,-0.3,1.72,0.57,-0.57,0.95,-1.11,-0.34,0.02,1.76,-0.68,1.78,1.34,0.28,0.6,0.65,0.78,-2.18,-1.54,0.79,0.3,-0.29,0.43,-0.21,-0.21,0.73,-0.17,0.51,0.04,-0.12,-0.19,-1.26,-0.21,0.52,-0.57,-1.33,0.37,-0.16,0.1,-0.9,0.32,0.28,-0.76,0.03,-1.64,2.23,0.16,-0.79,0.84,1.52,-0.86,-0.84,0.59,1.11,1.1,0.22,0.34,-0.42,0.53,0.95,0.6,-0.91,1.28,-0.08,-2.54,0.96,0.4,0.27,0.46,-1.0,0.38,-1.43,0.71,0.03,0.81,1.52,-0.09,-2.46,0.96,-1.02,0.22,-0.98,-0.44,0.91,1.84,1.1,-1.06,2.53,0.43,-1.01,-0.46,-0.87,-0.69,0.46,-0.11,-0.49,0.26,1.52,-0.2,-0.38,-1.39,-0.2,-2.22,2.63,-0.48,1.21,-0.16,0.8,-1.78,-0.09,-0.88,-0.16,-0.23,-0.44,-1.64,0.45,-2.42,0.43,-1.38,1.66,0.21,2.65,0.93,-0.85,-0.43,0.08,4.17,1.83,-0.81,-0.06,2.52,1.65,1.56,0.07,1.15,-0.26,0.43,1.1,-1.38,-0.46,1.17,-0.12,-0.21,1.49,0.37,-0.96,-0.55,0.35
27,Verizon Communications Inc,0P000005QY,VZ,-0.19,2.32,0.13,-0.21,-0.86,0.13,-0.85,0.44,0.89,0.46,-0.38,0.36,-0.4,-1.23,0.35,-1.52,0.48,0.34,-0.05,-0.2,0.42,-0.07,-0.35,0.71,-0.34,0.25,0.35,0.24,0.37,-0.32,-1.57,-0.46,-0.19,-1.29,-0.09,-0.87,1.02,1.1,-0.26,-0.74,-1.86,0.8,0.41,1.25,0.09,-0.92,1.63,0.65,2.24,2.11,-0.16,-0.34,0.44,-0.28,-0.23,-0.71,-0.18,-0.28,0.32,0.68,-0.38,0.28,-0.28,0.28,1.29,0.62,-0.31,-0.32,0.16,0.02,-1.55,-0.26,-0.61,0.95,-1.06,0.17,0.75,-1.6,-0.84,-0.05,-0.2,0.24,-0.29,-1.14,1.05,0.17,-0.46,1.21,-0.22,-1.25,-0.59,-0.35,-0.35,-0.04,0.6,-0.58,0.37,0.02,0.35,1.65,-3.17,-2.55,0.44,-1.12,-0.86,0.41,0.53,0.64,0.33,-0.49,-0.09,-0.07,-0.66,-0.73,-0.09,5.24,-0.02,-0.93,0.0,1.03,0.16,-1.09,-2.12,0.11,-0.69,0.73,-1.05,2.19,1.41,-1.04,1.57,-2.75,0.22,0.02,0.0,0.2,1.0,-0.12,0.62,0.57,0.18,0.65,1.39,1.12,-0.41,-0.75,0.26,0.98,0.41,-0.19,-1.31,-0.19,0.09,0.14,0.14,0.0,1.01,0.19,0.0,-0.43,-1.48,0.03,-0.63,-1.09,0.2,1.58,0.82,0.22,1.17,0.15,1.02,-0.96,1.36,-1.65,-0.22,0.68,-0.2,-1.28,-1.31,-0.45,-0.23,0.21,0.12,-0.88,-0.21,-0.12,0.36,-0.19,0.48,0.58,0.56,-0.17,-0.09,-0.17,0.51,-0.02,-0.26,0.19,-1.13,-0.19,-1.26,1.02,-0.04,-0.53,0.54,0.02,-0.35,-0.61,0.34,0.46,0.27,-0.05,0.21,-0.39,0.7,0.14,-0.11,0.41,0.41,-0.16,-1.1,-0.47,0.67,0.0,-0.13,-0.18,0.75,-0.85,0.47,-0.36,-0.04,-0.05,-0.65,-0.13,-0.14,-0.18,0.65,0.16,0.13,0.41,0.2,0.36,-1.26,-0.18,0.27,-0.18,-0.74,-0.15,-0.6,0.31,0.0,0.42,-0.11,0.64,0.25,-1.1,0.16,-0.86,-0.39,0.72,-0.38,0.29,-0.26,-0.28,-0.04,-0.42,0.06,0.67,-0.09,0.18,-0.57,0.41,-0.68,0.54,0.37,0.02,0.04,0.02,-1.22,-1.99,-1.63,0.04,1.11,0.67,-0.69,0.85,2.41,-0.41,-0.86,-0.66,0.95,-0.85,0.32,0.36,-0.08,-0.72,0.7,-2.06,0.75,0.17,-0.17,0.69,-0.29,-0.21
28,Visa Inc Class A,0P0000CPCP,V,0.64,1.47,-3.47,-2.06,-2.22,1.97,-1.23,-0.43,2.14,0.2,-0.13,0.07,-1.3,-2.55,1.58,-2.59,0.08,0.88,1.56,-0.44,0.27,1.69,-0.93,1.03,-1.52,1.01,0.25,1.8,-0.12,-1.01,-1.04,-1.31,0.36,-1.64,0.37,0.37,-0.22,0.01,-2.49,-1.56,-4.84,2.21,-1.71,1.67,1.95,2.99,1.89,0.42,7.16,0.3,-0.29,-1.94,1.07,1.05,-0.94,-1.37,-0.13,-1.78,2.1,0.73,0.58,0.05,-0.31,0.4,-0.48,-1.01,2.23,-0.01,0.06,-1.5,-0.94,-0.66,0.49,0.54,-0.04,1.4,0.06,-1.09,-1.52,-0.26,1.66,1.88,0.82,1.86,0.17,-0.44,-1.49,-0.88,0.56,0.77,-1.19,-1.89,0.23,-3.58,-0.13,0.03,2.16,-0.42,-1.52,-0.51,0.51,-3.48,1.67,-2.51,2.64,2.14,-0.62,3.92,-0.23,-0.9,-0.18,-0.04,2.2,-0.33,-0.98,-0.19,0.89,-2.21,1.75,1.82,3.45,-2.59,-0.64,2.0,-0.4,-0.43,-1.56,1.85,2.26,0.04,1.28,1.34,-0.79,-0.49,0.64,-0.75,-1.06,-6.24,0.53,0.07,-0.04,-0.05,2.67,0.46,-1.22,-0.08,2.42,1.01,-0.18,0.28,0.65,0.82,-0.47,-0.2,0.43,1.94,0.06,-0.27,-1.11,1.87,0.05,1.07,0.15,-0.19,1.54,1.46,-1.39,-0.41,-0.25,-1.22,0.92,0.35,-2.65,-0.22,-2.15,1.55,1.43,-0.22,-0.38,-0.43,0.82,0.15,1.12,-0.13,-0.85,-0.09,0.19,-0.29,1.34,-0.67,0.89,0.51,0.32,0.11,0.71,0.43,-0.37,-0.47,-1.45,1.11,-0.75,1.7,0.69,-0.53,0.66,0.46,-1.36,0.79,-0.9,0.57,1.48,0.41,0.17,-1.41,0.79,-0.25,1.88,1.5,1.04,-0.17,-3.11,0.95,0.4,0.2,2.0,0.49,0.27,-1.59,0.4,-0.62,-2.68,-1.12,-0.18,1.5,0.5,-0.58,-0.8,-1.26,-1.25,0.37,1.16,-0.35,-1.24,-0.03,-0.09,1.2,0.04,-0.7,-0.89,0.94,-0.63,-0.92,0.45,-2.58,0.41,0.52,1.25,-0.7,-1.13,-0.12,-0.71,0.35,0.23,-1.15,-0.77,0.05,1.17,2.5,1.44,-0.86,-1.76,0.5,-1.73,3.46,-2.49,-0.2,0.99,1.78,-0.12,-2.24,-0.47,-0.71,1.22,2.58,-0.15,1.24,-0.9,-0.51,0.43,1.15,-0.88,-6.92,-2.75,0.92,0.33,-1.56,-0.5,0.33,3.78,1.76,-3.22,1.19,-2.38,0.79
29,Walmart Inc,0P000005UH,WMT,6.29,0.06,-2.13,-1.18,-3.07,1.04,-2.2,-0.08,0.45,0.03,-0.8,0.32,-1.02,1.32,0.9,-1.68,0.52,0.42,-0.01,-0.08,2.02,2.27,-1.8,0.93,-0.83,0.18,0.33,1.0,1.03,1.37,-1.57,0.41,0.12,-1.22,0.66,0.35,-0.59,0.21,-1.17,0.5,-1.98,-0.09,-0.84,1.19,1.7,-0.57,1.06,1.6,-1.53,1.41,1.66,0.17,1.56,1.26,-2.01,-0.19,2.03,-1.24,0.46,0.28,0.31,-0.15,0.78,-0.1,-1.39,-0.81,-0.26,-0.54,0.9,-0.79,-0.47,-0.03,-0.92,-0.05,-0.1,0.46,-0.1,0.01,-1.21,-0.68,0.2,1.2,-0.63,-0.08,-0.02,1.65,-0.53,0.62,-0.01,-0.01,0.45,1.14,-1.02,-0.33,-1.59,-0.86,1.48,-0.45,1.02,-0.09,0.9,-2.49,-0.06,-2.27,-0.87,1.08,0.31,0.94,1.28,0.46,0.55,-1.17,-0.08,0.31,0.82,1.06,-6.48,0.49,-0.47,-1.61,-1.67,-0.95,-1.54,1.12,-0.96,-1.94,-0.05,1.25,-0.96,0.79,2.55,-0.04,1.51,-0.51,-0.03,-0.83,-1.3,1.33,0.48,1.19,-0.62,0.68,0.84,1.14,-0.68,0.07,-0.15,2.81,0.48,-0.21,-0.06,0.05,0.01,-0.31,-0.04,0.6,0.32,-0.64,0.77,0.29,-1.08,0.16,-1.42,0.34,-0.35,1.26,0.2,1.58,-0.99,-0.09,0.71,-0.6,0.44,-0.9,-2.59,1.69,0.93,-0.45,2.17,0.01,0.35,-0.47,0.01,0.41,-0.12,-0.34,0.24,-0.26,-0.22,0.18,0.18,-0.67,-0.76,-0.54,0.58,0.62,-0.13,-0.4,-2.04,0.42,-1.85,0.91,0.46,-0.78,0.7,1.18,-0.31,-0.58,2.71,-1.21,0.57,-0.12,-0.16,-0.09,0.51,-0.18,0.38,0.69,0.08,-0.07,-0.23,0.45,-0.49,0.07,0.82,0.14,0.01,-0.41,0.13,0.22,-0.23,1.13,-0.68,1.86,-0.18,0.24,2.13,0.89,-0.27,0.32,0.82,-0.03,-1.06,0.68,0.89,-0.66,-1.03,0.04,-1.08,-0.56,0.81,0.27,-0.22,0.53,0.46,-1.33,0.13,-0.71,-0.36,-0.57,-0.52,0.17,0.33,-0.21,-1.37,0.2,-0.23,0.06,0.28,-0.64,-1.23,-0.04,-0.75,-1.67,-0.96,0.66,0.73,1.18,0.3,-0.09,-0.11,-0.72,1.08,0.49,0.8,2.12,0.91,0.55,1.04,1.16,-0.87,-0.82,0.62,0.65,0.25,-0.05,0.31,0.73,-0.69,-0.64,0.35,-0.9,0.04,-0.5
30,The Walt Disney Co,0P000005UJ,DIS,1.27,1.38,-1.59,-0.94,1.67,-0.63,-0.1,-1.1,-0.38,-0.01,0.65,-1.42,-1.22,-2.5,1.44,-3.09,-0.64,1.23,1.6,-0.47,-1.05,-0.62,-0.62,0.67,-1.98,1.64,0.15,1.54,-0.01,3.19,-1.84,0.61,-0.43,-2.03,0.58,1.34,0.73,0.62,-3.34,-0.6,-3.93,2.59,-0.24,-0.92,3.24,0.85,1.51,0.39,11.87,-0.34,-3.02,-1.67,2.1,4.56,-0.12,-0.42,-1.51,-0.46,3.48,3.77,-1.58,-1.31,0.6,0.97,2.79,-0.24,0.59,-0.3,0.03,0.46,0.17,13.59,-3.65,2.74,-0.47,0.25,-0.38,-1.27,-0.14,1.82,0.1,2.95,-0.87,2.18,0.01,-1.93,0.43,0.38,-0.3,0.06,0.22,-1.73,0.07,-1.53,-1.15,0.48,0.8,-1.36,0.88,-0.52,-1.36,-3.85,5.43,-2.16,1.66,3.5,-0.3,2.15,0.52,4.88,-0.94,0.75,0.67,-1.7,-0.7,0.05,-1.85,0.36,4.42,2.78,0.21,-3.31,-1.02,3.14,-0.53,-0.87,-2.2,1.04,6.27,-3.66,0.28,0.87,0.21,-0.2,-1.28,0.51,-1.52,-0.59,0.9,-2.14,-2.12,1.19,-0.53,-0.58,0.37,-0.54,2.41,-0.25,0.65,-1.14,-0.13,0.3,-0.75,-0.54,1.06,-0.82,0.72,0.09,-2.48,0.18,-0.19,0.14,0.68,0.2,-0.68,1.06,0.37,-0.27,-0.68,-1.49,0.15,1.68,-0.29,-1.43,-2.1,0.28,-2.6,-2.08,-0.24,-0.24,1.23,0.61,1.11,1.07,0.17,1.46,-0.22,0.11,-1.03,-0.43,0.53,-0.11,-0.37,-0.16,0.3,0.46,0.45,-1.3,-0.68,-0.01,-1.28,0.9,-0.27,1.05,1.48,0.24,-1.0,-1.5,1.06,0.85,-0.08,-1.93,-0.5,-0.01,2.45,4.15,-0.4,-0.13,0.4,-2.63,-3.55,2.2,0.08,-0.99,0.58,1.48,0.43,-0.22,-0.42,-1.31,-0.27,-1.46,-0.24,2.39,0.24,-0.23,0.2,0.58,0.67,1.0,-1.1,-1.82,-0.62,-0.85,1.08,1.45,0.46,-0.09,-0.98,2.03,-0.09,0.73,1.2,-0.88,-0.47,1.85,0.44,0.41,-0.96,0.47,-1.39,1.1,-0.58,0.07,-2.65,-4.17,1.45,1.5,-0.14,1.28,-2.1,-1.05,-2.03,4.04,-1.45,0.66,0.5,1.27,-0.55,-1.82,-0.22,-0.1,0.84,1.18,-3.01,0.02,-0.37,0.46,-1.12,1.53,0.02,-1.45,0.08,-0.36,0.66,-0.21,0.15,0.12,3.14,0.71,-1.0,-0.38,-7.07,-1.53
